rx_timestamp,from_id,portnum,payload_bytes,rssi_dbm,snr_db,has_text,text

2026-02-16T15:41:36,363634937,POSITION_APP,28,-28,6.25,0,
2026-02-16T15:41:45,2232544628,TEXT_MESSAGE_APP,40,-28,7.0,1,SZ=040;SEQ=000001;TS=1771252902817;|AAAA
2026-02-16T15:41:46,2232544628,TEXT_MESSAGE_APP,40,-28,5.75,1,SZ=040;SEQ=000002;TS=1771252904821;|AAAA
2026-02-16T15:41:49,2232544628,TEXT_MESSAGE_APP,40,-27,6.25,1,SZ=040;SEQ=000003;TS=1771252906824;|AAAA
2026-02-16T15:41:51,2232544628,TEXT_MESSAGE_APP,40,-28,6.25,1,SZ=040;SEQ=000004;TS=1771252908826;|AAAA
2026-02-16T15:41:53,2232544628,TEXT_MESSAGE_APP,40,-29,7.25,1,SZ=040;SEQ=000005;TS=1771252910829;|AAAA
2026-02-16T15:41:55,2232544628,TEXT_MESSAGE_APP,40,-30,6.25,1,SZ=040;SEQ=000006;TS=1771252912832;|AAAA
2026-02-16T15:41:57,2232544628,TEXT_MESSAGE_APP,40,-30,7.75,1,SZ=040;SEQ=000007;TS=1771252914835;|AAAA
2026-02-16T15:41:58,2232544628,TEXT_MESSAGE_APP,40,-30,6.5,1,SZ=040;SEQ=000008;TS=1771252916838;|AAAA
2026-02-16T15:42:01,2232544628,TEXT_MESSAGE_APP,40,-31,6.0,1,SZ=040;SEQ=000009;TS=1771252918841;|AAAA
2026-02-16T15:42:03,2232544628,TEXT_MESSAGE_APP,40,-26,6.5,1,SZ=040;SEQ=000010;TS=1771252920843;|AAAA
2026-02-16T15:42:05,2232544628,TEXT_MESSAGE_APP,45,-29,6.25,1,SZ=045;SEQ=000011;TS=1771252922848;|AAAAAAAAA
2026-02-16T15:42:07,2232544628,TEXT_MESSAGE_APP,45,-30,6.25,1,SZ=045;SEQ=000012;TS=1771252924852;|AAAAAAAAA
2026-02-16T15:42:09,2232544628,TEXT_MESSAGE_APP,45,-28,6.25,1,SZ=045;SEQ=000013;TS=1771252926855;|AAAAAAAAA
2026-02-16T15:42:12,2232544628,TEXT_MESSAGE_APP,45,-31,6.5,1,SZ=045;SEQ=000014;TS=1771252928858;|AAAAAAAAA
2026-02-16T15:42:13,2232544628,TEXT_MESSAGE_APP,45,-30,6.25,1,SZ=045;SEQ=000015;TS=1771252930860;|AAAAAAAAA
2026-02-16T15:42:15,2232544628,TEXT_MESSAGE_APP,45,-29,6.25,1,SZ=045;SEQ=000016;TS=1771252932863;|AAAAAAAAA
2026-02-16T15:42:17,2232544628,TEXT_MESSAGE_APP,45,-28,6.0,1,SZ=045;SEQ=000017;TS=1771252934865;|AAAAAAAAA
2026-02-16T15:42:19,2232544628,TEXT_MESSAGE_APP,45,-29,6.75,1,SZ=045;SEQ=000018;TS=1771252936867;|AAAAAAAAA
2026-02-16T15:42:22,2232544628,TEXT_MESSAGE_APP,45,-29,6.5,1,SZ=045;SEQ=000019;TS=1771252938870;|AAAAAAAAA
2026-02-16T15:42:23,2232544628,TEXT_MESSAGE_APP,45,-30,6.25,1,SZ=045;SEQ=000020;TS=1771252940873;|AAAAAAAAA
2026-02-16T15:42:24,2232544628,TEXT_MESSAGE_APP,50,-30,6.25,1,SZ=050;SEQ=000021;TS=1771252942876;|AAAAAAAAAAAAAA
2026-02-16T15:42:27,2232544628,TEXT_MESSAGE_APP,50,-29,8.0,1,SZ=050;SEQ=000022;TS=1771252944879;|AAAAAAAAAAAAAA
2026-02-16T15:42:30,2232544628,TEXT_MESSAGE_APP,50,-29,7.25,1,SZ=050;SEQ=000023;TS=1771252946881;|AAAAAAAAAAAAAA
2026-02-16T15:42:32,2232544628,TEXT_MESSAGE_APP,50,-30,6.0,1,SZ=050;SEQ=000024;TS=1771252948885;|AAAAAAAAAAAAAA
2026-02-16T15:42:33,2232544628,TEXT_MESSAGE_APP,50,-30,6.25,1,SZ=050;SEQ=000025;TS=1771252950887;|AAAAAAAAAAAAAA
2026-02-16T15:42:35,1912894170,TELEMETRY_APP,28,,,0,
2026-02-16T15:42:35,1912894170,TELEMETRY_APP,48,,,0,
2026-02-16T15:42:35,2232544628,TEXT_MESSAGE_APP,50,-30,6.5,1,SZ=050;SEQ=000026;TS=1771252952891;|AAAAAAAAAAAAAA
2026-02-16T15:42:37,2232544628,TEXT_MESSAGE_APP,50,-30,6.5,1,SZ=050;SEQ=000027;TS=1771252954893;|AAAAAAAAAAAAAA
2026-02-16T15:42:43,2232544628,TEXT_MESSAGE_APP,50,-29,6.25,1,SZ=050;SEQ=000028;TS=1771252956895;|AAAAAAAAAAAAAA
2026-02-16T15:42:45,2232544628,TEXT_MESSAGE_APP,50,-29,7.25,1,SZ=050;SEQ=000029;TS=1771252958897;|AAAAAAAAAAAAAA
2026-02-16T15:42:52,2232544628,TEXT_MESSAGE_APP,50,-30,6.0,1,SZ=050;SEQ=000030;TS=1771252960900;|AAAAAAAAAAAAAA
2026-02-16T15:42:53,2232544628,TEXT_MESSAGE_APP,55,-28,6.25,1,SZ=055;SEQ=000031;TS=1771252962903;|AAAAAAAAAAAAAAAAAAA
2026-02-16T15:42:55,2232544628,TEXT_MESSAGE_APP,55,-29,6.75,1,SZ=055;SEQ=000032;TS=1771252964906;|AAAAAAAAAAAAAAAAAAA
2026-02-16T15:42:56,2232544628,TEXT_MESSAGE_APP,55,-29,6.5,1,SZ=055;SEQ=000034;TS=1771252968911;|AAAAAAAAAAAAAAAAAAA
2026-02-16T15:42:58,2232544628,TEXT_MESSAGE_APP,55,-30,6.5,1,SZ=055;SEQ=000035;TS=1771252970921;|AAAAAAAAAAAAAAAAAAA
2026-02-16T15:42:59,2232544628,TEXT_MESSAGE_APP,55,-29,6.25,1,SZ=055;SEQ=000036;TS=1771252972923;|AAAAAAAAAAAAAAAAAAA
2026-02-16T15:43:05,2232544628,TEXT_MESSAGE_APP,55,-30,6.5,1,SZ=055;SEQ=000037;TS=1771252974925;|AAAAAAAAAAAAAAAAAAA
2026-02-16T15:43:09,2232544628,TEXT_MESSAGE_APP,55,-29,7.0,1,SZ=055;SEQ=000038;TS=1771252976928;|AAAAAAAAAAAAAAAAAAA
2026-02-16T15:43:10,2232544628,TEXT_MESSAGE_APP,55,-28,6.25,1,SZ=055;SEQ=000040;TS=1771252980932;|AAAAAAAAAAAAAAAAAAA
2026-02-16T15:43:11,2232544628,TEXT_MESSAGE_APP,60,-28,6.0,1,SZ=060;SEQ=000041;TS=1771252982935;|AAAAAAAAAAAAAAAAAAAAAAAA
2026-02-16T15:43:13,2232544628,TEXT_MESSAGE_APP,60,-29,6.0,1,SZ=060;SEQ=000043;TS=1771252986942;|AAAAAAAAAAAAAAAAAAAAAAAA
2026-02-16T15:43:17,2232544628,TEXT_MESSAGE_APP,60,-30,6.5,1,SZ=060;SEQ=000044;TS=1771252988944;|AAAAAAAAAAAAAAAAAAAAAAAA
2026-02-16T15:43:18,2232544628,TEXT_MESSAGE_APP,60,-30,6.25,1,SZ=060;SEQ=000045;TS=1771252990946;|AAAAAAAAAAAAAAAAAAAAAAAA
2026-02-16T15:43:20,2232544628,TEXT_MESSAGE_APP,60,-30,6.25,1,SZ=060;SEQ=000046;TS=1771252992949;|AAAAAAAAAAAAAAAAAAAAAAAA
2026-02-16T15:43:21,2232544628,TEXT_MESSAGE_APP,60,-29,6.5,1,SZ=060;SEQ=000047;TS=1771252994952;|AAAAAAAAAAAAAAAAAAAAAAAA
2026-02-16T15:43:25,2232544628,TEXT_MESSAGE_APP,60,-29,7.0,1,SZ=060;SEQ=000048;TS=1771252996954;|AAAAAAAAAAAAAAAAAAAAAAAA
2026-02-16T15:43:30,2232544628,TEXT_MESSAGE_APP,60,-28,6.75,1,SZ=060;SEQ=000049;TS=1771252998957;|AAAAAAAAAAAAAAAAAAAAAAAA
2026-02-16T15:43:31,2232544628,TEXT_MESSAGE_APP,65,-29,8.0,1,SZ=065;SEQ=000051;TS=1771253002961;|AAAAAAAAAAAAAAAAAAAAAAAAAAAAA
2026-02-16T15:43:33,2232544628,TEXT_MESSAGE_APP,65,-28,6.5,1,SZ=065;SEQ=000053;TS=1771253006966;|AAAAAAAAAAAAAAAAAAAAAAAAAAAAA
2026-02-16T15:43:34,2232544628,TEXT_MESSAGE_APP,65,-26,6.5,1,SZ=065;SEQ=000054;TS=1771253008969;|AAAAAAAAAAAAAAAAAAAAAAAAAAAAA
2026-02-16T15:43:36,1912894170,TELEMETRY_APP,28,,,0,
2026-02-16T15:43:36,2232544628,TEXT_MESSAGE_APP,65,-28,5.75,1,SZ=065;SEQ=000055;TS=1771253010972;|AAAAAAAAAAAAAAAAAAAAAAAAAAAAA
2026-02-16T15:43:37,2232544628,TEXT_MESSAGE_APP,65,-28,5.5,1,SZ=065;SEQ=000056;TS=1771253012974;|AAAAAAAAAAAAAAAAAAAAAAAAAAAAA
2026-02-16T15:43:39,2232544628,TEXT_MESSAGE_APP,65,-29,6.75,1,SZ=065;SEQ=000057;TS=1771253014977;|AAAAAAAAAAAAAAAAAAAAAAAAAAAAA
2026-02-16T15:43:40,2232544628,TEXT_MESSAGE_APP,65,-27,6.75,1,SZ=065;SEQ=000058;TS=1771253016979;|AAAAAAAAAAAAAAAAAAAAAAAAAAAAA
2026-02-16T15:43:42,2232544628,TEXT_MESSAGE_APP,65,-29,6.5,1,SZ=065;SEQ=000059;TS=1771253018981;|AAAAAAAAAAAAAAAAAAAAAAAAAAAAA
2026-02-16T15:43:43,2232544628,TEXT_MESSAGE_APP,65,-27,5.75,1,SZ=065;SEQ=000060;TS=1771253020984;|AAAAAAAAAAAAAAAAAAAAAAAAAAAAA
2026-02-16T15:43:45,2232544628,TEXT_MESSAGE_APP,70,-27,6.25,1,SZ=070;SEQ=000061;TS=1771253022987;|AAAAAAAAAAAAAAAAAAAAAAAAAAAAAAAAAA
2026-02-16T15:43:50,2232544628,TEXT_MESSAGE_APP,70,-27,6.25,1,SZ=070;SEQ=000062;TS=1771253024989;|AAAAAAAAAAAAAAAAAAAAAAAAAAAAAAAAAA
2026-02-16T15:43:52,2232544628,TEXT_MESSAGE_APP,70,-27,5.75,1,SZ=070;SEQ=000063;TS=1771253026992;|AAAAAAAAAAAAAAAAAAAAAAAAAAAAAAAAAA
2026-02-16T15:43:53,2232544628,TEXT_MESSAGE_APP,70,-28,6.75,1,SZ=070;SEQ=000065;TS=1771253030996;|AAAAAAAAAAAAAAAAAAAAAAAAAAAAAAAAAA
2026-02-16T15:43:55,2232544628,TEXT_MESSAGE_APP,70,-28,5.25,1,SZ=070;SEQ=000066;TS=1771253032998;|AAAAAAAAAAAAAAAAAAAAAAAAAAAAAAAAAA
2026-02-16T15:43:57,2232544628,TEXT_MESSAGE_APP,70,-28,6.25,1,SZ=070;SEQ=000067;TS=1771253035001;|AAAAAAAAAAAAAAAAAAAAAAAAAAAAAAAAAA
2026-02-16T15:43:59,2232544628,TEXT_MESSAGE_APP,70,-28,6.25,1,SZ=070;SEQ=000068;TS=1771253037004;|AAAAAAAAAAAAAAAAAAAAAAAAAAAAAAAAAA
2026-02-16T15:44:04,2232544628,TEXT_MESSAGE_APP,70,-27,6.25,1,SZ=070;SEQ=000069;TS=1771253039007;|AAAAAAAAAAAAAAAAAAAAAAAAAAAAAAAAAA
2026-02-16T15:44:05,2232544628,TEXT_MESSAGE_APP,70,-28,6.0,1,SZ=070;SEQ=000070;TS=1771253041010;|AAAAAAAAAAAAAAAAAAAAAAAAAAAAAAAAAA
2026-02-16T15:44:07,2232544628,TEXT_MESSAGE_APP,75,-30,6.25,1,SZ=075;SEQ=000071;TS=1771253043013;|AAAAAAAAAAAAAAAAAAAAAAAAAAAAAAAAAAAAAAA
2026-02-16T15:44:08,2232544628,TEXT_MESSAGE_APP,75,-31,6.0,1,SZ=075;SEQ=000072;TS=1771253045016;|AAAAAAAAAAAAAAAAAAAAAAAAAAAAAAAAAAAAAAA
2026-02-16T15:44:09,2232544628,TEXT_MESSAGE_APP,75,-31,6.0,1,SZ=075;SEQ=000073;TS=1771253047019;|AAAAAAAAAAAAAAAAAAAAAAAAAAAAAAAAAAAAAAA
2026-02-16T15:44:11,2232544628,TEXT_MESSAGE_APP,75,-31,5.75,1,SZ=075;SEQ=000074;TS=1771253049022;|AAAAAAAAAAAAAAAAAAAAAAAAAAAAAAAAAAAAAAA
2026-02-16T15:44:15,2232544628,TEXT_MESSAGE_APP,75,-31,6.25,1,SZ=075;SEQ=000075;TS=1771253051024;|AAAAAAAAAAAAAAAAAAAAAAAAAAAAAAAAAAAAAAA
2026-02-16T15:44:17,2232544628,TEXT_MESSAGE_APP,75,-30,6.5,1,SZ=075;SEQ=000076;TS=1771253053027;|AAAAAAAAAAAAAAAAAAAAAAAAAAAAAAAAAAAAAAA
2026-02-16T15:44:18,2232544628,TEXT_MESSAGE_APP,75,-30,6.25,1,SZ=075;SEQ=000077;TS=1771253055029;|AAAAAAAAAAAAAAAAAAAAAAAAAAAAAAAAAAAAAAA
2026-02-16T15:44:19,2232544628,TEXT_MESSAGE_APP,75,-29,6.5,1,SZ=075;SEQ=000078;TS=1771253057031;|AAAAAAAAAAAAAAAAAAAAAAAAAAAAAAAAAAAAAAA
2026-02-16T15:44:22,2232544628,TEXT_MESSAGE_APP,75,-29,6.75,1,SZ=075;SEQ=000079;TS=1771253059033;|AAAAAAAAAAAAAAAAAAAAAAAAAAAAAAAAAAAAAAA
2026-02-16T15:44:23,2232544628,TEXT_MESSAGE_APP,75,-29,6.5,1,SZ=075;SEQ=000080;TS=1771253061036;|AAAAAAAAAAAAAAAAAAAAAAAAAAAAAAAAAAAAAAA
2026-02-16T15:44:26,2232544628,TEXT_MESSAGE_APP,80,-30,6.25,1,SZ=080;SEQ=000081;TS=1771253063038;|AAAAAAAAAAAAAAAAAAAAAAAAAAAAAAAAAAAAAAAAAAAA
2026-02-16T15:44:29,2232544628,TEXT_MESSAGE_APP,80,-28,7.0,1,SZ=080;SEQ=000082;TS=1771253065041;|AAAAAAAAAAAAAAAAAAAAAAAAAAAAAAAAAAAAAAAAAAAA
2026-02-16T15:44:31,2232544628,TEXT_MESSAGE_APP,80,-29,6.75,1,SZ=080;SEQ=000083;TS=1771253067044;|AAAAAAAAAAAAAAAAAAAAAAAAAAAAAAAAAAAAAAAAAAAA
2026-02-16T15:44:32,2232544628,TEXT_MESSAGE_APP,80,-29,6.5,1,SZ=080;SEQ=000084;TS=1771253069046;|AAAAAAAAAAAAAAAAAAAAAAAAAAAAAAAAAAAAAAAAAAAA
2026-02-16T15:44:33,2232544628,TEXT_MESSAGE_APP,80,-29,6.5,1,SZ=080;SEQ=000085;TS=1771253071048;|AAAAAAAAAAAAAAAAAAAAAAAAAAAAAAAAAAAAAAAAAAAA
2026-02-16T15:44:35,1912894170,TELEMETRY_APP,28,,,0,
2026-02-16T15:44:39,2232544628,TEXT_MESSAGE_APP,80,-28,6.0,1,SZ=080;SEQ=000086;TS=1771253073051;|AAAAAAAAAAAAAAAAAAAAAAAAAAAAAAAAAAAAAAAAAAAA
2026-02-16T15:44:41,2232544628,TEXT_MESSAGE_APP,80,-27,6.0,1,SZ=080;SEQ=000088;TS=1771253077056;|AAAAAAAAAAAAAAAAAAAAAAAAAAAAAAAAAAAAAAAAAAAA
2026-02-16T15:44:42,2232544628,TEXT_MESSAGE_APP,80,-31,6.25,1,SZ=080;SEQ=000089;TS=1771253079059;|AAAAAAAAAAAAAAAAAAAAAAAAAAAAAAAAAAAAAAAAAAAA
2026-02-16T15:44:44,2232544628,TEXT_MESSAGE_APP,80,-30,6.0,1,SZ=080;SEQ=000090;TS=1771253081061;|AAAAAAAAAAAAAAAAAAAAAAAAAAAAAAAAAAAAAAAAAAAA
2026-02-16T15:44:48,2232544628,TEXT_MESSAGE_APP,85,-30,6.0,1,SZ=085;SEQ=000092;TS=1771253085066;|AAAAAAAAAAAAAAAAAAAAAAAAAAAAAAAAAAAAAAAAAAAAAAAAA
2026-02-16T15:44:50,2232544628,TEXT_MESSAGE_APP,85,-31,6.5,1,SZ=085;SEQ=000093;TS=1771253087070;|AAAAAAAAAAAAAAAAAAAAAAAAAAAAAAAAAAAAAAAAAAAAAAAAA
2026-02-16T15:44:53,2232544628,TEXT_MESSAGE_APP,85,-30,6.0,1,SZ=085;SEQ=000094;TS=1771253089072;|AAAAAAAAAAAAAAAAAAAAAAAAAAAAAAAAAAAAAAAAAAAAAAAAA
2026-02-16T15:44:54,2232544628,TEXT_MESSAGE_APP,85,-31,5.75,1,SZ=085;SEQ=000095;TS=1771253091075;|AAAAAAAAAAAAAAAAAAAAAAAAAAAAAAAAAAAAAAAAAAAAAAAAA
2026-02-16T15:44:56,2232544628,TEXT_MESSAGE_APP,85,-32,6.5,1,SZ=085;SEQ=000096;TS=1771253093077;|AAAAAAAAAAAAAAAAAAAAAAAAAAAAAAAAAAAAAAAAAAAAAAAAA
2026-02-16T15:44:59,2232544628,TEXT_MESSAGE_APP,85,-31,6.5,1,SZ=085;SEQ=000098;TS=1771253097082;|AAAAAAAAAAAAAAAAAAAAAAAAAAAAAAAAAAAAAAAAAAAAAAAAA
2026-02-16T15:45:04,2232544628,TEXT_MESSAGE_APP,85,-30,6.25,1,SZ=085;SEQ=000100;TS=1771253101087;|AAAAAAAAAAAAAAAAAAAAAAAAAAAAAAAAAAAAAAAAAAAAAAAAA
2026-02-16T15:45:06,2232544628,TEXT_MESSAGE_APP,90,-31,6.0,1,SZ=090;SEQ=000101;TS=1771253103100;|AAAAAAAAAAAAAAAAAAAAAAAAAAAAAAAAAAAAAAAAAAAAAAAAAAAAAA
2026-02-16T15:45:08,2232544628,TEXT_MESSAGE_APP,90,-30,6.0,1,SZ=090;SEQ=000102;TS=1771253105102;|AAAAAAAAAAAAAAAAAAAAAAAAAAAAAAAAAAAAAAAAAAAAAAAAAAAAAA
2026-02-16T15:45:10,2232544628,TEXT_MESSAGE_APP,90,-31,6.5,1,SZ=090;SEQ=000103;TS=1771253107104;|AAAAAAAAAAAAAAAAAAAAAAAAAAAAAAAAAAAAAAAAAAAAAAAAAAAAAA
2026-02-16T15:45:13,2232544628,TEXT_MESSAGE_APP,90,-25,6.5,1,SZ=090;SEQ=000104;TS=1771253109107;|AAAAAAAAAAAAAAAAAAAAAAAAAAAAAAAAAAAAAAAAAAAAAAAAAAAAAA
2026-02-16T15:45:14,2232544628,TEXT_MESSAGE_APP,90,-26,6.5,1,SZ=090;SEQ=000105;TS=1771253111110;|AAAAAAAAAAAAAAAAAAAAAAAAAAAAAAAAAAAAAAAAAAAAAAAAAAAAAA
2026-02-16T15:45:16,2232544628,TEXT_MESSAGE_APP,90,-26,6.75,1,SZ=090;SEQ=000106;TS=1771253113113;|AAAAAAAAAAAAAAAAAAAAAAAAAAAAAAAAAAAAAAAAAAAAAAAAAAAAAA
2026-02-16T15:45:18,2232544628,TEXT_MESSAGE_APP,90,-26,6.5,1,SZ=090;SEQ=000107;TS=1771253115116;|AAAAAAAAAAAAAAAAAAAAAAAAAAAAAAAAAAAAAAAAAAAAAAAAAAAAAA
2026-02-16T15:45:20,2232544628,TEXT_MESSAGE_APP,90,-25,7.25,1,SZ=090;SEQ=000108;TS=1771253117118;|AAAAAAAAAAAAAAAAAAAAAAAAAAAAAAAAAAAAAAAAAAAAAAAAAAAAAA
2026-02-16T15:45:22,2232544628,TEXT_MESSAGE_APP,90,-26,7.5,1,SZ=090;SEQ=000109;TS=1771253119121;|AAAAAAAAAAAAAAAAAAAAAAAAAAAAAAAAAAAAAAAAAAAAAAAAAAAAAA
2026-02-16T15:45:23,2232544628,TEXT_MESSAGE_APP,90,-26,7.0,1,SZ=090;SEQ=000110;TS=1771253121123;|AAAAAAAAAAAAAAAAAAAAAAAAAAAAAAAAAAAAAAAAAAAAAAAAAAAAAA
2026-02-16T15:45:25,2232544628,TEXT_MESSAGE_APP,95,-25,6.25,1,SZ=095;SEQ=000111;TS=1771253123126;|AAAAAAAAAAAAAAAAAAAAAAAAAAAAAAAAAAAAAAAAAAAAAAAAAAAAAAAAAAA
2026-02-16T15:45:29,2232544628,TEXT_MESSAGE_APP,95,-24,6.25,1,SZ=095;SEQ=000112;TS=1771253125129;|AAAAAAAAAAAAAAAAAAAAAAAAAAAAAAAAAAAAAAAAAAAAAAAAAAAAAAAAAAA
2026-02-16T15:45:35,2232544628,TEXT_MESSAGE_APP,95,-24,6.5,1,SZ=095;SEQ=000115;TS=1771253131137;|AAAAAAAAAAAAAAAAAAAAAAAAAAAAAAAAAAAAAAAAAAAAAAAAAAAAAAAAAAA
2026-02-16T15:45:35,1912894170,TELEMETRY_APP,28,,,0,
2026-02-16T15:45:38,2232544628,TEXT_MESSAGE_APP,95,-24,6.25,1,SZ=095;SEQ=000117;TS=1771253135142;|AAAAAAAAAAAAAAAAAAAAAAAAAAAAAAAAAAAAAAAAAAAAAAAAAAAAAAAAAAA
2026-02-16T15:45:45,2232544628,TEXT_MESSAGE_APP,95,-26,6.0,1,SZ=095;SEQ=000118;TS=1771253137144;|AAAAAAAAAAAAAAAAAAAAAAAAAAAAAAAAAAAAAAAAAAAAAAAAAAAAAAAAAAA
2026-02-16T15:45:48,2232544628,TEXT_MESSAGE_APP,95,-26,6.25,1,SZ=095;SEQ=000119;TS=1771253139147;|AAAAAAAAAAAAAAAAAAAAAAAAAAAAAAAAAAAAAAAAAAAAAAAAAAAAAAAAAAA
2026-02-16T15:45:50,2232544628,TEXT_MESSAGE_APP,95,-26,7.0,1,SZ=095;SEQ=000120;TS=1771253141150;|AAAAAAAAAAAAAAAAAAAAAAAAAAAAAAAAAAAAAAAAAAAAAAAAAAAAAAAAAAA
2026-02-16T15:45:51,2232544628,TEXT_MESSAGE_APP,100,-28,6.25,1,SZ=100;SEQ=000121;TS=1771253143152;|AAAAAAAAAAAAAAAAAAAAAAAAAAAAAAAAAAAAAAAAAAAAAAAAAAAAAAAAAAAAAAAA
2026-02-16T15:45:53,2232544628,TEXT_MESSAGE_APP,100,-29,6.75,1,SZ=100;SEQ=000122;TS=1771253145155;|AAAAAAAAAAAAAAAAAAAAAAAAAAAAAAAAAAAAAAAAAAAAAAAAAAAAAAAAAAAAAAAA
2026-02-16T15:45:55,2232544628,TEXT_MESSAGE_APP,100,-31,5.75,1,SZ=100;SEQ=000123;TS=1771253147158;|AAAAAAAAAAAAAAAAAAAAAAAAAAAAAAAAAAAAAAAAAAAAAAAAAAAAAAAAAAAAAAAA
2026-02-16T15:46:00,2232544628,TEXT_MESSAGE_APP,100,-26,6.5,1,SZ=100;SEQ=000124;TS=1771253149160;|AAAAAAAAAAAAAAAAAAAAAAAAAAAAAAAAAAAAAAAAAAAAAAAAAAAAAAAAAAAAAAAA
2026-02-16T15:46:01,2232544628,TEXT_MESSAGE_APP,100,-28,6.0,1,SZ=100;SEQ=000125;TS=1771253151163;|AAAAAAAAAAAAAAAAAAAAAAAAAAAAAAAAAAAAAAAAAAAAAAAAAAAAAAAAAAAAAAAA
2026-02-16T15:46:03,2232544628,TEXT_MESSAGE_APP,100,-28,6.25,1,SZ=100;SEQ=000126;TS=1771253153165;|AAAAAAAAAAAAAAAAAAAAAAAAAAAAAAAAAAAAAAAAAAAAAAAAAAAAAAAAAAAAAAAA
2026-02-16T15:46:08,2232544628,TEXT_MESSAGE_APP,100,-28,5.75,1,SZ=100;SEQ=000128;TS=1771253157171;|AAAAAAAAAAAAAAAAAAAAAAAAAAAAAAAAAAAAAAAAAAAAAAAAAAAAAAAAAAAAAAAA
2026-02-16T15:46:10,2232544628,TEXT_MESSAGE_APP,100,-29,7.0,1,SZ=100;SEQ=000129;TS=1771253159173;|AAAAAAAAAAAAAAAAAAAAAAAAAAAAAAAAAAAAAAAAAAAAAAAAAAAAAAAAAAAAAAAA
2026-02-16T15:46:12,2232544628,TEXT_MESSAGE_APP,100,-28,6.25,1,SZ=100;SEQ=000130;TS=1771253161176;|AAAAAAAAAAAAAAAAAAAAAAAAAAAAAAAAAAAAAAAAAAAAAAAAAAAAAAAAAAAAAAAA
2026-02-16T15:46:15,2232544628,TEXT_MESSAGE_APP,105,-28,6.0,1,SZ=105;SEQ=000131;TS=1771253163179;|AAAAAAAAAAAAAAAAAAAAAAAAAAAAAAAAAAAAAAAAAAAAAAAAAAAAAAAAAAAAAAAAAAAAA
2026-02-16T15:46:18,2232544628,TEXT_MESSAGE_APP,105,-27,6.25,1,SZ=105;SEQ=000132;TS=1771253165181;|AAAAAAAAAAAAAAAAAAAAAAAAAAAAAAAAAAAAAAAAAAAAAAAAAAAAAAAAAAAAAAAAAAAAA
2026-02-16T15:46:20,2232544628,TEXT_MESSAGE_APP,105,-27,6.0,1,SZ=105;SEQ=000133;TS=1771253167184;|AAAAAAAAAAAAAAAAAAAAAAAAAAAAAAAAAAAAAAAAAAAAAAAAAAAAAAAAAAAAAAAAAAAAA
2026-02-16T15:46:21,2232544628,TEXT_MESSAGE_APP,105,-27,5.75,1,SZ=105;SEQ=000135;TS=1771253171190;|AAAAAAAAAAAAAAAAAAAAAAAAAAAAAAAAAAAAAAAAAAAAAAAAAAAAAAAAAAAAAAAAAAAAA
2026-02-16T15:46:23,2232544628,TEXT_MESSAGE_APP,105,-28,6.0,1,SZ=105;SEQ=000136;TS=1771253173192;|AAAAAAAAAAAAAAAAAAAAAAAAAAAAAAAAAAAAAAAAAAAAAAAAAAAAAAAAAAAAAAAAAAAAA
2026-02-16T15:46:25,2232544628,TEXT_MESSAGE_APP,105,-28,5.75,1,SZ=105;SEQ=000137;TS=1771253175194;|AAAAAAAAAAAAAAAAAAAAAAAAAAAAAAAAAAAAAAAAAAAAAAAAAAAAAAAAAAAAAAAAAAAAA
2026-02-16T15:46:27,2232544628,TEXT_MESSAGE_APP,105,-27,5.75,1,SZ=105;SEQ=000138;TS=1771253177198;|AAAAAAAAAAAAAAAAAAAAAAAAAAAAAAAAAAAAAAAAAAAAAAAAAAAAAAAAAAAAAAAAAAAAA
2026-02-16T15:46:30,2232544628,TEXT_MESSAGE_APP,105,-28,5.75,1,SZ=105;SEQ=000139;TS=1771253179201;|AAAAAAAAAAAAAAAAAAAAAAAAAAAAAAAAAAAAAAAAAAAAAAAAAAAAAAAAAAAAAAAAAAAAA
2026-02-16T15:46:31,2232544628,TEXT_MESSAGE_APP,105,-27,6.0,1,SZ=105;SEQ=000140;TS=1771253181203;|AAAAAAAAAAAAAAAAAAAAAAAAAAAAAAAAAAAAAAAAAAAAAAAAAAAAAAAAAAAAAAAAAAAAA
2026-02-16T15:46:33,2232544628,TEXT_MESSAGE_APP,110,-28,5.75,1,SZ=110;SEQ=000142;TS=1771253185209;|AAAAAAAAAAAAAAAAAAAAAAAAAAAAAAAAAAAAAAAAAAAAAAAAAAAAAAAAAAAAAAAAAAAAAAAAAA
2026-02-16T15:46:36,1912894170,TELEMETRY_APP,28,,,0,
2026-02-16T15:46:36,2232544628,TEXT_MESSAGE_APP,110,-28,6.25,1,SZ=110;SEQ=000143;TS=1771253187211;|AAAAAAAAAAAAAAAAAAAAAAAAAAAAAAAAAAAAAAAAAAAAAAAAAAAAAAAAAAAAAAAAAAAAAAAAAA
2026-02-16T15:46:37,2232544628,TEXT_MESSAGE_APP,110,-28,6.0,1,SZ=110;SEQ=000144;TS=1771253189213;|AAAAAAAAAAAAAAAAAAAAAAAAAAAAAAAAAAAAAAAAAAAAAAAAAAAAAAAAAAAAAAAAAAAAAAAAAA
2026-02-16T15:46:40,2232544628,TEXT_MESSAGE_APP,110,-28,6.0,1,SZ=110;SEQ=000145;TS=1771253191216;|AAAAAAAAAAAAAAAAAAAAAAAAAAAAAAAAAAAAAAAAAAAAAAAAAAAAAAAAAAAAAAAAAAAAAAAAAA
2026-02-16T15:46:42,2232544628,TEXT_MESSAGE_APP,110,-28,6.0,1,SZ=110;SEQ=000146;TS=1771253193219;|AAAAAAAAAAAAAAAAAAAAAAAAAAAAAAAAAAAAAAAAAAAAAAAAAAAAAAAAAAAAAAAAAAAAAAAAAA
2026-02-16T15:46:45,2232544628,TEXT_MESSAGE_APP,110,-28,6.0,1,SZ=110;SEQ=000147;TS=1771253195222;|AAAAAAAAAAAAAAAAAAAAAAAAAAAAAAAAAAAAAAAAAAAAAAAAAAAAAAAAAAAAAAAAAAAAAAAAAA
2026-02-16T15:46:47,2232544628,TEXT_MESSAGE_APP,110,-29,6.0,1,SZ=110;SEQ=000148;TS=1771253197224;|AAAAAAAAAAAAAAAAAAAAAAAAAAAAAAAAAAAAAAAAAAAAAAAAAAAAAAAAAAAAAAAAAAAAAAAAAA
2026-02-16T15:46:49,2232544628,TEXT_MESSAGE_APP,110,-28,5.75,1,SZ=110;SEQ=000149;TS=1771253199227;|AAAAAAAAAAAAAAAAAAAAAAAAAAAAAAAAAAAAAAAAAAAAAAAAAAAAAAAAAAAAAAAAAAAAAAAAAA
2026-02-16T15:46:51,2232544628,TEXT_MESSAGE_APP,115,-28,6.75,1,SZ=115;SEQ=000151;TS=1771253203232;|AAAAAAAAAAAAAAAAAAAAAAAAAAAAAAAAAAAAAAAAAAAAAAAAAAAAAAAAAAAAAAAAAAAAAAAAAAAAAAA
2026-02-16T15:46:52,2232544628,TEXT_MESSAGE_APP,115,-28,6.75,1,SZ=115;SEQ=000152;TS=1771253205234;|AAAAAAAAAAAAAAAAAAAAAAAAAAAAAAAAAAAAAAAAAAAAAAAAAAAAAAAAAAAAAAAAAAAAAAAAAAAAAAA
2026-02-16T15:46:54,2232544628,TEXT_MESSAGE_APP,115,-29,6.5,1,SZ=115;SEQ=000153;TS=1771253207237;|AAAAAAAAAAAAAAAAAAAAAAAAAAAAAAAAAAAAAAAAAAAAAAAAAAAAAAAAAAAAAAAAAAAAAAAAAAAAAAA
2026-02-16T15:46:56,2232544628,TEXT_MESSAGE_APP,115,-29,7.0,1,SZ=115;SEQ=000154;TS=1771253209240;|AAAAAAAAAAAAAAAAAAAAAAAAAAAAAAAAAAAAAAAAAAAAAAAAAAAAAAAAAAAAAAAAAAAAAAAAAAAAAAA
2026-02-16T15:46:58,2232544628,TEXT_MESSAGE_APP,115,-30,6.0,1,SZ=115;SEQ=000155;TS=1771253211242;|AAAAAAAAAAAAAAAAAAAAAAAAAAAAAAAAAAAAAAAAAAAAAAAAAAAAAAAAAAAAAAAAAAAAAAAAAAAAAAA
2026-02-16T15:47:00,2232544628,TEXT_MESSAGE_APP,115,-30,6.25,1,SZ=115;SEQ=000156;TS=1771253213245;|AAAAAAAAAAAAAAAAAAAAAAAAAAAAAAAAAAAAAAAAAAAAAAAAAAAAAAAAAAAAAAAAAAAAAAAAAAAAAAA
2026-02-16T15:47:04,2232544628,TEXT_MESSAGE_APP,115,-29,7.0,1,SZ=115;SEQ=000157;TS=1771253215246;|AAAAAAAAAAAAAAAAAAAAAAAAAAAAAAAAAAAAAAAAAAAAAAAAAAAAAAAAAAAAAAAAAAAAAAAAAAAAAAA
2026-02-16T15:47:08,2232544628,TEXT_MESSAGE_APP,115,-29,7.0,1,SZ=115;SEQ=000158;TS=1771253217250;|AAAAAAAAAAAAAAAAAAAAAAAAAAAAAAAAAAAAAAAAAAAAAAAAAAAAAAAAAAAAAAAAAAAAAAAAAAAAAAA
2026-02-16T15:47:09,2232544628,TEXT_MESSAGE_APP,115,-29,7.0,1,SZ=115;SEQ=000159;TS=1771253219252;|AAAAAAAAAAAAAAAAAAAAAAAAAAAAAAAAAAAAAAAAAAAAAAAAAAAAAAAAAAAAAAAAAAAAAAAAAAAAAAA
2026-02-16T15:47:10,2232544628,TEXT_MESSAGE_APP,115,-28,7.25,1,SZ=115;SEQ=000160;TS=1771253221254;|AAAAAAAAAAAAAAAAAAAAAAAAAAAAAAAAAAAAAAAAAAAAAAAAAAAAAAAAAAAAAAAAAAAAAAAAAAAAAAA
2026-02-16T15:47:12,2232544628,TEXT_MESSAGE_APP,120,-29,6.5,1,SZ=120;SEQ=000161;TS=1771253223257;|AAAAAAAAAAAAAAAAAAAAAAAAAAAAAAAAAAAAAAAAAAAAAAAAAAAAAAAAAAAAAAAAAAAAAAAAAAAAAAAAAAAA
2026-02-16T15:47:14,2232544628,TEXT_MESSAGE_APP,120,-28,6.5,1,SZ=120;SEQ=000162;TS=1771253225260;|AAAAAAAAAAAAAAAAAAAAAAAAAAAAAAAAAAAAAAAAAAAAAAAAAAAAAAAAAAAAAAAAAAAAAAAAAAAAAAAAAAAA
2026-02-16T15:47:16,2232544628,TEXT_MESSAGE_APP,120,-28,6.75,1,SZ=120;SEQ=000163;TS=1771253227263;|AAAAAAAAAAAAAAAAAAAAAAAAAAAAAAAAAAAAAAAAAAAAAAAAAAAAAAAAAAAAAAAAAAAAAAAAAAAAAAAAAAAA
2026-02-16T15:47:18,2232544628,TEXT_MESSAGE_APP,120,-29,6.75,1,SZ=120;SEQ=000164;TS=1771253229267;|AAAAAAAAAAAAAAAAAAAAAAAAAAAAAAAAAAAAAAAAAAAAAAAAAAAAAAAAAAAAAAAAAAAAAAAAAAAAAAAAAAAA
2026-02-16T15:47:19,2232544628,TEXT_MESSAGE_APP,120,-28,7.0,1,SZ=120;SEQ=000165;TS=1771253231269;|AAAAAAAAAAAAAAAAAAAAAAAAAAAAAAAAAAAAAAAAAAAAAAAAAAAAAAAAAAAAAAAAAAAAAAAAAAAAAAAAAAAA
2026-02-16T15:47:21,2232544628,TEXT_MESSAGE_APP,120,-29,6.5,1,SZ=120;SEQ=000166;TS=1771253233271;|AAAAAAAAAAAAAAAAAAAAAAAAAAAAAAAAAAAAAAAAAAAAAAAAAAAAAAAAAAAAAAAAAAAAAAAAAAAAAAAAAAAA
2026-02-16T15:47:28,2232544628,TEXT_MESSAGE_APP,120,-29,6.5,1,SZ=120;SEQ=000167;TS=1771253235274;|AAAAAAAAAAAAAAAAAAAAAAAAAAAAAAAAAAAAAAAAAAAAAAAAAAAAAAAAAAAAAAAAAAAAAAAAAAAAAAAAAAAA
2026-02-16T15:47:30,2232544628,TEXT_MESSAGE_APP,120,-29,7.0,1,SZ=120;SEQ=000168;TS=1771253237276;|AAAAAAAAAAAAAAAAAAAAAAAAAAAAAAAAAAAAAAAAAAAAAAAAAAAAAAAAAAAAAAAAAAAAAAAAAAAAAAAAAAAA
2026-02-16T15:47:32,2232544628,TEXT_MESSAGE_APP,120,-28,7.25,1,SZ=120;SEQ=000169;TS=1771253239278;|AAAAAAAAAAAAAAAAAAAAAAAAAAAAAAAAAAAAAAAAAAAAAAAAAAAAAAAAAAAAAAAAAAAAAAAAAAAAAAAAAAAA
2026-02-16T15:47:34,2232544628,TEXT_MESSAGE_APP,125,-29,6.5,1,SZ=125;SEQ=000171;TS=1771253243283;|AAAAAAAAAAAAAAAAAAAAAAAAAAAAAAAAAAAAAAAAAAAAAAAAAAAAAAAAAAAAAAAAAAAAAAAAAAAAAAAAAAAAAAAAA
2026-02-16T15:47:35,1912894170,TELEMETRY_APP,28,,,0,
2026-02-16T15:47:36,2232544628,TEXT_MESSAGE_APP,125,-29,7.0,1,SZ=125;SEQ=000172;TS=1771253245285;|AAAAAAAAAAAAAAAAAAAAAAAAAAAAAAAAAAAAAAAAAAAAAAAAAAAAAAAAAAAAAAAAAAAAAAAAAAAAAAAAAAAAAAAAA
2026-02-16T15:47:38,2232544628,TEXT_MESSAGE_APP,125,-28,7.25,1,SZ=125;SEQ=000173;TS=1771253247289;|AAAAAAAAAAAAAAAAAAAAAAAAAAAAAAAAAAAAAAAAAAAAAAAAAAAAAAAAAAAAAAAAAAAAAAAAAAAAAAAAAAAAAAAAA
2026-02-16T15:47:43,2232544628,TEXT_MESSAGE_APP,125,-29,6.0,1,SZ=125;SEQ=000174;TS=1771253249291;|AAAAAAAAAAAAAAAAAAAAAAAAAAAAAAAAAAAAAAAAAAAAAAAAAAAAAAAAAAAAAAAAAAAAAAAAAAAAAAAAAAAAAAAAA
2026-02-16T15:47:45,2232544628,TEXT_MESSAGE_APP,125,-30,6.25,1,SZ=125;SEQ=000175;TS=1771253251294;|AAAAAAAAAAAAAAAAAAAAAAAAAAAAAAAAAAAAAAAAAAAAAAAAAAAAAAAAAAAAAAAAAAAAAAAAAAAAAAAAAAAAAAAAA
2026-02-16T15:47:47,2232544628,TEXT_MESSAGE_APP,125,-30,6.25,1,SZ=125;SEQ=000176;TS=1771253253296;|AAAAAAAAAAAAAAAAAAAAAAAAAAAAAAAAAAAAAAAAAAAAAAAAAAAAAAAAAAAAAAAAAAAAAAAAAAAAAAAAAAAAAAAAA
2026-02-16T15:47:52,2232544628,TEXT_MESSAGE_APP,125,-30,6.25,1,SZ=125;SEQ=000177;TS=1771253255299;|AAAAAAAAAAAAAAAAAAAAAAAAAAAAAAAAAAAAAAAAAAAAAAAAAAAAAAAAAAAAAAAAAAAAAAAAAAAAAAAAAAAAAAAAA
2026-02-16T15:47:57,2232544628,TEXT_MESSAGE_APP,125,-27,6.25,1,SZ=125;SEQ=000179;TS=1771253259304;|AAAAAAAAAAAAAAAAAAAAAAAAAAAAAAAAAAAAAAAAAAAAAAAAAAAAAAAAAAAAAAAAAAAAAAAAAAAAAAAAAAAAAAAAA
2026-02-16T15:47:59,2232544628,TEXT_MESSAGE_APP,125,-27,6.0,1,SZ=125;SEQ=000180;TS=1771253261307;|AAAAAAAAAAAAAAAAAAAAAAAAAAAAAAAAAAAAAAAAAAAAAAAAAAAAAAAAAAAAAAAAAAAAAAAAAAAAAAAAAAAAAAAAA
2026-02-16T15:48:01,2232544628,TEXT_MESSAGE_APP,130,-27,7.5,1,SZ=130;SEQ=000181;TS=1771253263309;|AAAAAAAAAAAAAAAAAAAAAAAAAAAAAAAAAAAAAAAAAAAAAAAAAAAAAAAAAAAAAAAAAAAAAAAAAAAAAAAAAAAAAAAAAAAAAA
2026-02-16T15:48:04,2232544628,TEXT_MESSAGE_APP,130,-26,6.25,1,SZ=130;SEQ=000182;TS=1771253265312;|AAAAAAAAAAAAAAAAAAAAAAAAAAAAAAAAAAAAAAAAAAAAAAAAAAAAAAAAAAAAAAAAAAAAAAAAAAAAAAAAAAAAAAAAAAAAAA
2026-02-16T15:48:07,2232544628,TEXT_MESSAGE_APP,130,-26,6.5,1,SZ=130;SEQ=000183;TS=1771253267314;|AAAAAAAAAAAAAAAAAAAAAAAAAAAAAAAAAAAAAAAAAAAAAAAAAAAAAAAAAAAAAAAAAAAAAAAAAAAAAAAAAAAAAAAAAAAAAA
2026-02-16T15:48:09,2232544628,TEXT_MESSAGE_APP,130,-28,5.75,1,SZ=130;SEQ=000184;TS=1771253269317;|AAAAAAAAAAAAAAAAAAAAAAAAAAAAAAAAAAAAAAAAAAAAAAAAAAAAAAAAAAAAAAAAAAAAAAAAAAAAAAAAAAAAAAAAAAAAAA
2026-02-16T15:48:10,2232544628,TEXT_MESSAGE_APP,130,-27,6.0,1,SZ=130;SEQ=000185;TS=1771253271319;|AAAAAAAAAAAAAAAAAAAAAAAAAAAAAAAAAAAAAAAAAAAAAAAAAAAAAAAAAAAAAAAAAAAAAAAAAAAAAAAAAAAAAAAAAAAAAA
2026-02-16T15:48:12,2232544628,TEXT_MESSAGE_APP,130,-26,6.25,1,SZ=130;SEQ=000187;TS=1771253275324;|AAAAAAAAAAAAAAAAAAAAAAAAAAAAAAAAAAAAAAAAAAAAAAAAAAAAAAAAAAAAAAAAAAAAAAAAAAAAAAAAAAAAAAAAAAAAAA
2026-02-16T15:48:14,2232544628,TEXT_MESSAGE_APP,130,-28,6.25,1,SZ=130;SEQ=000188;TS=1771253277327;|AAAAAAAAAAAAAAAAAAAAAAAAAAAAAAAAAAAAAAAAAAAAAAAAAAAAAAAAAAAAAAAAAAAAAAAAAAAAAAAAAAAAAAAAAAAAAA
2026-02-16T15:48:17,2232544628,TEXT_MESSAGE_APP,130,-26,7.0,1,SZ=130;SEQ=000190;TS=1771253281332;|AAAAAAAAAAAAAAAAAAAAAAAAAAAAAAAAAAAAAAAAAAAAAAAAAAAAAAAAAAAAAAAAAAAAAAAAAAAAAAAAAAAAAAAAAAAAAA
2026-02-16T15:48:19,2232544628,TEXT_MESSAGE_APP,135,-27,6.5,1,SZ=135;SEQ=000191;TS=1771253283335;|AAAAAAAAAAAAAAAAAAAAAAAAAAAAAAAAAAAAAAAAAAAAAAAAAAAAAAAAAAAAAAAAAAAAAAAAAAAAAAAAAAAAAAAAAAAAAAAAAAA
2026-02-16T15:48:21,2232544628,TEXT_MESSAGE_APP,135,-26,6.25,1,SZ=135;SEQ=000192;TS=1771253285338;|AAAAAAAAAAAAAAAAAAAAAAAAAAAAAAAAAAAAAAAAAAAAAAAAAAAAAAAAAAAAAAAAAAAAAAAAAAAAAAAAAAAAAAAAAAAAAAAAAAA
2026-02-16T15:48:23,2232544628,TEXT_MESSAGE_APP,135,-25,6.5,1,SZ=135;SEQ=000193;TS=1771253287340;|AAAAAAAAAAAAAAAAAAAAAAAAAAAAAAAAAAAAAAAAAAAAAAAAAAAAAAAAAAAAAAAAAAAAAAAAAAAAAAAAAAAAAAAAAAAAAAAAAAA
2026-02-16T15:48:25,2232544628,TEXT_MESSAGE_APP,135,-26,6.25,1,SZ=135;SEQ=000194;TS=1771253289342;|AAAAAAAAAAAAAAAAAAAAAAAAAAAAAAAAAAAAAAAAAAAAAAAAAAAAAAAAAAAAAAAAAAAAAAAAAAAAAAAAAAAAAAAAAAAAAAAAAAA
2026-02-16T15:48:29,2232544628,TEXT_MESSAGE_APP,135,-28,5.75,1,SZ=135;SEQ=000195;TS=1771253291345;|AAAAAAAAAAAAAAAAAAAAAAAAAAAAAAAAAAAAAAAAAAAAAAAAAAAAAAAAAAAAAAAAAAAAAAAAAAAAAAAAAAAAAAAAAAAAAAAAAAA
2026-02-16T15:48:31,2232544628,TEXT_MESSAGE_APP,135,-28,5.75,1,SZ=135;SEQ=000196;TS=1771253293347;|AAAAAAAAAAAAAAAAAAAAAAAAAAAAAAAAAAAAAAAAAAAAAAAAAAAAAAAAAAAAAAAAAAAAAAAAAAAAAAAAAAAAAAAAAAAAAAAAAAA
2026-02-16T15:48:36,1912894170,TELEMETRY_APP,28,,,0,
2026-02-16T15:48:36,2232544628,TEXT_MESSAGE_APP,135,-28,6.75,1,SZ=135;SEQ=000197;TS=1771253295350;|AAAAAAAAAAAAAAAAAAAAAAAAAAAAAAAAAAAAAAAAAAAAAAAAAAAAAAAAAAAAAAAAAAAAAAAAAAAAAAAAAAAAAAAAAAAAAAAAAAA
2026-02-16T15:48:38,2232544628,TEXT_MESSAGE_APP,135,-27,5.75,1,SZ=135;SEQ=000198;TS=1771253297352;|AAAAAAAAAAAAAAAAAAAAAAAAAAAAAAAAAAAAAAAAAAAAAAAAAAAAAAAAAAAAAAAAAAAAAAAAAAAAAAAAAAAAAAAAAAAAAAAAAAA
2026-02-16T15:48:40,2232544628,TEXT_MESSAGE_APP,135,-28,6.0,1,SZ=135;SEQ=000199;TS=1771253299355;|AAAAAAAAAAAAAAAAAAAAAAAAAAAAAAAAAAAAAAAAAAAAAAAAAAAAAAAAAAAAAAAAAAAAAAAAAAAAAAAAAAAAAAAAAAAAAAAAAAA
2026-02-16T15:48:42,2232544628,TEXT_MESSAGE_APP,135,-27,6.0,1,SZ=135;SEQ=000200;TS=1771253301358;|AAAAAAAAAAAAAAAAAAAAAAAAAAAAAAAAAAAAAAAAAAAAAAAAAAAAAAAAAAAAAAAAAAAAAAAAAAAAAAAAAAAAAAAAAAAAAAAAAAA
2026-02-16T15:48:45,2232544628,TEXT_MESSAGE_APP,140,-29,6.25,1,SZ=140;SEQ=000201;TS=1771253303359;|AAAAAAAAAAAAAAAAAAAAAAAAAAAAAAAAAAAAAAAAAAAAAAAAAAAAAAAAAAAAAAAAAAAAAAAAAAAAAAAAAAAAAAAAAAAAAAAAAAAAAAAA
2026-02-16T15:48:47,2232544628,TEXT_MESSAGE_APP,140,-28,6.25,1,SZ=140;SEQ=000202;TS=1771253305362;|AAAAAAAAAAAAAAAAAAAAAAAAAAAAAAAAAAAAAAAAAAAAAAAAAAAAAAAAAAAAAAAAAAAAAAAAAAAAAAAAAAAAAAAAAAAAAAAAAAAAAAAA
2026-02-16T15:48:49,2232544628,TEXT_MESSAGE_APP,140,-28,6.25,1,SZ=140;SEQ=000204;TS=1771253309367;|AAAAAAAAAAAAAAAAAAAAAAAAAAAAAAAAAAAAAAAAAAAAAAAAAAAAAAAAAAAAAAAAAAAAAAAAAAAAAAAAAAAAAAAAAAAAAAAAAAAAAAAA
2026-02-16T15:48:51,2232544628,TEXT_MESSAGE_APP,140,-28,5.75,1,SZ=140;SEQ=000205;TS=1771253311369;|AAAAAAAAAAAAAAAAAAAAAAAAAAAAAAAAAAAAAAAAAAAAAAAAAAAAAAAAAAAAAAAAAAAAAAAAAAAAAAAAAAAAAAAAAAAAAAAAAAAAAAAA
2026-02-16T15:48:55,2232544628,TEXT_MESSAGE_APP,140,-27,6.75,1,SZ=140;SEQ=000206;TS=1771253313371;|AAAAAAAAAAAAAAAAAAAAAAAAAAAAAAAAAAAAAAAAAAAAAAAAAAAAAAAAAAAAAAAAAAAAAAAAAAAAAAAAAAAAAAAAAAAAAAAAAAAAAAAA
2026-02-16T15:49:05,2232544628,TEXT_MESSAGE_APP,140,-25,5.75,1,SZ=140;SEQ=000208;TS=1771253317377;|AAAAAAAAAAAAAAAAAAAAAAAAAAAAAAAAAAAAAAAAAAAAAAAAAAAAAAAAAAAAAAAAAAAAAAAAAAAAAAAAAAAAAAAAAAAAAAAAAAAAAAAA
2026-02-16T15:49:07,2232544628,TEXT_MESSAGE_APP,140,-25,6.25,1,SZ=140;SEQ=000209;TS=1771253319380;|AAAAAAAAAAAAAAAAAAAAAAAAAAAAAAAAAAAAAAAAAAAAAAAAAAAAAAAAAAAAAAAAAAAAAAAAAAAAAAAAAAAAAAAAAAAAAAAAAAAAAAAA
2026-02-16T15:49:09,2232544628,TEXT_MESSAGE_APP,140,-25,6.0,1,SZ=140;SEQ=000210;TS=1771253321383;|AAAAAAAAAAAAAAAAAAAAAAAAAAAAAAAAAAAAAAAAAAAAAAAAAAAAAAAAAAAAAAAAAAAAAAAAAAAAAAAAAAAAAAAAAAAAAAAAAAAAAAAA
2026-02-16T15:49:11,2232544628,TEXT_MESSAGE_APP,145,-25,5.75,1,SZ=145;SEQ=000211;TS=1771253323386;|AAAAAAAAAAAAAAAAAAAAAAAAAAAAAAAAAAAAAAAAAAAAAAAAAAAAAAAAAAAAAAAAAAAAAAAAAAAAAAAAAAAAAAAAAAAAAAAAAAAAAAAAAAAAA
2026-02-16T15:49:14,2232544628,TEXT_MESSAGE_APP,145,-24,6.5,1,SZ=145;SEQ=000212;TS=1771253325389;|AAAAAAAAAAAAAAAAAAAAAAAAAAAAAAAAAAAAAAAAAAAAAAAAAAAAAAAAAAAAAAAAAAAAAAAAAAAAAAAAAAAAAAAAAAAAAAAAAAAAAAAAAAAAA
2026-02-16T15:49:17,2232544628,TEXT_MESSAGE_APP,145,-23,6.5,1,SZ=145;SEQ=000213;TS=1771253327392;|AAAAAAAAAAAAAAAAAAAAAAAAAAAAAAAAAAAAAAAAAAAAAAAAAAAAAAAAAAAAAAAAAAAAAAAAAAAAAAAAAAAAAAAAAAAAAAAAAAAAAAAAAAAAA
2026-02-16T15:49:19,2232544628,TEXT_MESSAGE_APP,145,-25,6.25,1,SZ=145;SEQ=000214;TS=1771253329394;|AAAAAAAAAAAAAAAAAAAAAAAAAAAAAAAAAAAAAAAAAAAAAAAAAAAAAAAAAAAAAAAAAAAAAAAAAAAAAAAAAAAAAAAAAAAAAAAAAAAAAAAAAAAAA
2026-02-16T15:49:21,2232544628,TEXT_MESSAGE_APP,145,-25,6.0,1,SZ=145;SEQ=000215;TS=1771253331398;|AAAAAAAAAAAAAAAAAAAAAAAAAAAAAAAAAAAAAAAAAAAAAAAAAAAAAAAAAAAAAAAAAAAAAAAAAAAAAAAAAAAAAAAAAAAAAAAAAAAAAAAAAAAAA
2026-02-16T15:49:27,2232544628,TEXT_MESSAGE_APP,145,-26,7.0,1,SZ=145;SEQ=000216;TS=1771253333400;|AAAAAAAAAAAAAAAAAAAAAAAAAAAAAAAAAAAAAAAAAAAAAAAAAAAAAAAAAAAAAAAAAAAAAAAAAAAAAAAAAAAAAAAAAAAAAAAAAAAAAAAAAAAAA
2026-02-16T15:49:30,2232544628,TEXT_MESSAGE_APP,145,-24,6.25,1,SZ=145;SEQ=000217;TS=1771253335402;|AAAAAAAAAAAAAAAAAAAAAAAAAAAAAAAAAAAAAAAAAAAAAAAAAAAAAAAAAAAAAAAAAAAAAAAAAAAAAAAAAAAAAAAAAAAAAAAAAAAAAAAAAAAAA
2026-02-16T15:49:31,2232544628,TEXT_MESSAGE_APP,145,-26,6.25,1,SZ=145;SEQ=000218;TS=1771253337404;|AAAAAAAAAAAAAAAAAAAAAAAAAAAAAAAAAAAAAAAAAAAAAAAAAAAAAAAAAAAAAAAAAAAAAAAAAAAAAAAAAAAAAAAAAAAAAAAAAAAAAAAAAAAAA
2026-02-16T15:49:36,1912894170,TELEMETRY_APP,28,,,0,
2026-02-16T15:49:40,2232544628,TEXT_MESSAGE_APP,145,-25,6.25,1,SZ=145;SEQ=000219;TS=1771253339407;|AAAAAAAAAAAAAAAAAAAAAAAAAAAAAAAAAAAAAAAAAAAAAAAAAAAAAAAAAAAAAAAAAAAAAAAAAAAAAAAAAAAAAAAAAAAAAAAAAAAAAAAAAAAAA
2026-02-16T15:49:42,2232544628,TEXT_MESSAGE_APP,145,-26,6.75,1,SZ=145;SEQ=000220;TS=1771253341409;|AAAAAAAAAAAAAAAAAAAAAAAAAAAAAAAAAAAAAAAAAAAAAAAAAAAAAAAAAAAAAAAAAAAAAAAAAAAAAAAAAAAAAAAAAAAAAAAAAAAAAAAAAAAAA
2026-02-16T15:49:44,2232544628,TEXT_MESSAGE_APP,150,-27,6.75,1,SZ=150;SEQ=000221;TS=1771253343412;|AAAAAAAAAAAAAAAAAAAAAAAAAAAAAAAAAAAAAAAAAAAAAAAAAAAAAAAAAAAAAAAAAAAAAAAAAAAAAAAAAAAAAAAAAAAAAAAAAAAAAAAAAAAAAAAAAA
2026-02-16T15:49:50,2232544628,TEXT_MESSAGE_APP,150,-27,6.0,1,SZ=150;SEQ=000222;TS=1771253345415;|AAAAAAAAAAAAAAAAAAAAAAAAAAAAAAAAAAAAAAAAAAAAAAAAAAAAAAAAAAAAAAAAAAAAAAAAAAAAAAAAAAAAAAAAAAAAAAAAAAAAAAAAAAAAAAAAAA
2026-02-16T15:49:52,2232544628,TEXT_MESSAGE_APP,150,-27,6.25,1,SZ=150;SEQ=000223;TS=1771253347418;|AAAAAAAAAAAAAAAAAAAAAAAAAAAAAAAAAAAAAAAAAAAAAAAAAAAAAAAAAAAAAAAAAAAAAAAAAAAAAAAAAAAAAAAAAAAAAAAAAAAAAAAAAAAAAAAAAA
2026-02-16T15:49:55,2232544628,TEXT_MESSAGE_APP,150,-27,6.25,1,SZ=150;SEQ=000224;TS=1771253349420;|AAAAAAAAAAAAAAAAAAAAAAAAAAAAAAAAAAAAAAAAAAAAAAAAAAAAAAAAAAAAAAAAAAAAAAAAAAAAAAAAAAAAAAAAAAAAAAAAAAAAAAAAAAAAAAAAAA
2026-02-16T15:50:00,2232544628,TEXT_MESSAGE_APP,150,-25,7.0,1,SZ=150;SEQ=000225;TS=1771253351423;|AAAAAAAAAAAAAAAAAAAAAAAAAAAAAAAAAAAAAAAAAAAAAAAAAAAAAAAAAAAAAAAAAAAAAAAAAAAAAAAAAAAAAAAAAAAAAAAAAAAAAAAAAAAAAAAAAA
2026-02-16T15:50:02,2232544628,TEXT_MESSAGE_APP,150,-26,6.5,1,SZ=150;SEQ=000226;TS=1771253353426;|AAAAAAAAAAAAAAAAAAAAAAAAAAAAAAAAAAAAAAAAAAAAAAAAAAAAAAAAAAAAAAAAAAAAAAAAAAAAAAAAAAAAAAAAAAAAAAAAAAAAAAAAAAAAAAAAAA
2026-02-16T15:50:05,2232544628,TEXT_MESSAGE_APP,150,-27,6.25,1,SZ=150;SEQ=000227;TS=1771253355429;|AAAAAAAAAAAAAAAAAAAAAAAAAAAAAAAAAAAAAAAAAAAAAAAAAAAAAAAAAAAAAAAAAAAAAAAAAAAAAAAAAAAAAAAAAAAAAAAAAAAAAAAAAAAAAAAAAA
2026-02-16T15:50:10,2232544628,TEXT_MESSAGE_APP,150,-25,7.75,1,SZ=150;SEQ=000228;TS=1771253357432;|AAAAAAAAAAAAAAAAAAAAAAAAAAAAAAAAAAAAAAAAAAAAAAAAAAAAAAAAAAAAAAAAAAAAAAAAAAAAAAAAAAAAAAAAAAAAAAAAAAAAAAAAAAAAAAAAAA
2026-02-16T15:50:13,2232544628,TEXT_MESSAGE_APP,150,-27,6.5,1,SZ=150;SEQ=000229;TS=1771253359434;|AAAAAAAAAAAAAAAAAAAAAAAAAAAAAAAAAAAAAAAAAAAAAAAAAAAAAAAAAAAAAAAAAAAAAAAAAAAAAAAAAAAAAAAAAAAAAAAAAAAAAAAAAAAAAAAAAA
2026-02-16T15:50:14,2232544628,TEXT_MESSAGE_APP,150,-27,6.0,1,SZ=150;SEQ=000230;TS=1771253361437;|AAAAAAAAAAAAAAAAAAAAAAAAAAAAAAAAAAAAAAAAAAAAAAAAAAAAAAAAAAAAAAAAAAAAAAAAAAAAAAAAAAAAAAAAAAAAAAAAAAAAAAAAAAAAAAAAAA
2026-02-16T15:50:20,2232544628,TEXT_MESSAGE_APP,155,-27,5.75,1,SZ=155;SEQ=000231;TS=1771253363439;|AAAAAAAAAAAAAAAAAAAAAAAAAAAAAAAAAAAAAAAAAAAAAAAAAAAAAAAAAAAAAAAAAAAAAAAAAAAAAAAAAAAAAAAAAAAAAAAAAAAAAAAAAAAAAAAAAAAAAAA
2026-02-16T15:50:22,2232544628,TEXT_MESSAGE_APP,155,-28,6.0,1,SZ=155;SEQ=000232;TS=1771253366443;|AAAAAAAAAAAAAAAAAAAAAAAAAAAAAAAAAAAAAAAAAAAAAAAAAAAAAAAAAAAAAAAAAAAAAAAAAAAAAAAAAAAAAAAAAAAAAAAAAAAAAAAAAAAAAAAAAAAAAAA
2026-02-16T15:50:26,2232544628,TEXT_MESSAGE_APP,155,-27,6.0,1,SZ=155;SEQ=000233;TS=1771253368946;|AAAAAAAAAAAAAAAAAAAAAAAAAAAAAAAAAAAAAAAAAAAAAAAAAAAAAAAAAAAAAAAAAAAAAAAAAAAAAAAAAAAAAAAAAAAAAAAAAAAAAAAAAAAAAAAAAAAAAAA
2026-02-16T15:50:28,2232544628,TEXT_MESSAGE_APP,155,-27,6.25,1,SZ=155;SEQ=000237;TS=1771253376956;|AAAAAAAAAAAAAAAAAAAAAAAAAAAAAAAAAAAAAAAAAAAAAAAAAAAAAAAAAAAAAAAAAAAAAAAAAAAAAAAAAAAAAAAAAAAAAAAAAAAAAAAAAAAAAAAAAAAAAAA
2026-02-16T15:50:31,2232544628,TEXT_MESSAGE_APP,155,-26,6.5,1,SZ=155;SEQ=000238;TS=1771253378959;|AAAAAAAAAAAAAAAAAAAAAAAAAAAAAAAAAAAAAAAAAAAAAAAAAAAAAAAAAAAAAAAAAAAAAAAAAAAAAAAAAAAAAAAAAAAAAAAAAAAAAAAAAAAAAAAAAAAAAAA
2026-02-16T15:50:33,2232544628,TEXT_MESSAGE_APP,155,-27,6.0,1,SZ=155;SEQ=000239;TS=1771253380962;|AAAAAAAAAAAAAAAAAAAAAAAAAAAAAAAAAAAAAAAAAAAAAAAAAAAAAAAAAAAAAAAAAAAAAAAAAAAAAAAAAAAAAAAAAAAAAAAAAAAAAAAAAAAAAAAAAAAAAAA
2026-02-16T15:50:35,2232544628,TEXT_MESSAGE_APP,155,-27,6.0,1,SZ=155;SEQ=000240;TS=1771253382964;|AAAAAAAAAAAAAAAAAAAAAAAAAAAAAAAAAAAAAAAAAAAAAAAAAAAAAAAAAAAAAAAAAAAAAAAAAAAAAAAAAAAAAAAAAAAAAAAAAAAAAAAAAAAAAAAAAAAAAAA
2026-02-16T15:50:36,1912894170,TELEMETRY_APP,28,,,0,
2026-02-16T15:50:37,2232544628,TEXT_MESSAGE_APP,160,-27,6.5,1,SZ=160;SEQ=000241;TS=1771253388968;|AAAAAAAAAAAAAAAAAAAAAAAAAAAAAAAAAAAAAAAAAAAAAAAAAAAAAAAAAAAAAAAAAAAAAAAAAAAAAAAAAAAAAAAAAAAAAAAAAAAAAAAAAAAAAAAAAAAAAAAAAAAA
2026-02-16T15:50:39,2232544628,TEXT_MESSAGE_APP,160,-27,6.0,1,SZ=160;SEQ=000243;TS=1771253392973;|AAAAAAAAAAAAAAAAAAAAAAAAAAAAAAAAAAAAAAAAAAAAAAAAAAAAAAAAAAAAAAAAAAAAAAAAAAAAAAAAAAAAAAAAAAAAAAAAAAAAAAAAAAAAAAAAAAAAAAAAAAAA
2026-02-16T15:50:41,2232544628,TEXT_MESSAGE_APP,160,-27,6.25,1,SZ=160;SEQ=000244;TS=1771253394976;|AAAAAAAAAAAAAAAAAAAAAAAAAAAAAAAAAAAAAAAAAAAAAAAAAAAAAAAAAAAAAAAAAAAAAAAAAAAAAAAAAAAAAAAAAAAAAAAAAAAAAAAAAAAAAAAAAAAAAAAAAAAA
2026-02-16T15:50:43,2232544628,TEXT_MESSAGE_APP,160,-27,6.25,1,SZ=160;SEQ=000245;TS=1771253398480;|AAAAAAAAAAAAAAAAAAAAAAAAAAAAAAAAAAAAAAAAAAAAAAAAAAAAAAAAAAAAAAAAAAAAAAAAAAAAAAAAAAAAAAAAAAAAAAAAAAAAAAAAAAAAAAAAAAAAAAAAAAAA
2026-02-16T15:50:45,2232544628,TEXT_MESSAGE_APP,160,-26,6.0,1,SZ=160;SEQ=000247;TS=1771253402485;|AAAAAAAAAAAAAAAAAAAAAAAAAAAAAAAAAAAAAAAAAAAAAAAAAAAAAAAAAAAAAAAAAAAAAAAAAAAAAAAAAAAAAAAAAAAAAAAAAAAAAAAAAAAAAAAAAAAAAAAAAAAA
2026-02-16T15:50:51,2232544628,TEXT_MESSAGE_APP,160,-27,6.25,1,SZ=160;SEQ=000248;TS=1771253404487;|AAAAAAAAAAAAAAAAAAAAAAAAAAAAAAAAAAAAAAAAAAAAAAAAAAAAAAAAAAAAAAAAAAAAAAAAAAAAAAAAAAAAAAAAAAAAAAAAAAAAAAAAAAAAAAAAAAAAAAAAAAAA
2026-02-16T15:50:56,2232544628,TEXT_MESSAGE_APP,160,-26,7.0,1,SZ=160;SEQ=000249;TS=1771253408491;|AAAAAAAAAAAAAAAAAAAAAAAAAAAAAAAAAAAAAAAAAAAAAAAAAAAAAAAAAAAAAAAAAAAAAAAAAAAAAAAAAAAAAAAAAAAAAAAAAAAAAAAAAAAAAAAAAAAAAAAAAAAA
2026-02-16T15:50:59,2232544628,TEXT_MESSAGE_APP,160,-28,6.0,1,SZ=160;SEQ=000250;TS=1771253411495;|AAAAAAAAAAAAAAAAAAAAAAAAAAAAAAAAAAAAAAAAAAAAAAAAAAAAAAAAAAAAAAAAAAAAAAAAAAAAAAAAAAAAAAAAAAAAAAAAAAAAAAAAAAAAAAAAAAAAAAAAAAAA
2026-02-16T15:51:01,2232544628,TEXT_MESSAGE_APP,165,-28,6.25,1,SZ=165;SEQ=000252;TS=1771253415501;|AAAAAAAAAAAAAAAAAAAAAAAAAAAAAAAAAAAAAAAAAAAAAAAAAAAAAAAAAAAAAAAAAAAAAAAAAAAAAAAAAAAAAAAAAAAAAAAAAAAAAAAAAAAAAAAAAAAAAAAAAAAAAAAAA
2026-02-16T15:51:05,2232544628,TEXT_MESSAGE_APP,165,-26,6.75,1,SZ=165;SEQ=000253;TS=1771253418504;|AAAAAAAAAAAAAAAAAAAAAAAAAAAAAAAAAAAAAAAAAAAAAAAAAAAAAAAAAAAAAAAAAAAAAAAAAAAAAAAAAAAAAAAAAAAAAAAAAAAAAAAAAAAAAAAAAAAAAAAAAAAAAAAAA
2026-02-16T15:51:08,2232544628,TEXT_MESSAGE_APP,165,-25,5.75,1,SZ=165;SEQ=000254;TS=1771253421006;|AAAAAAAAAAAAAAAAAAAAAAAAAAAAAAAAAAAAAAAAAAAAAAAAAAAAAAAAAAAAAAAAAAAAAAAAAAAAAAAAAAAAAAAAAAAAAAAAAAAAAAAAAAAAAAAAAAAAAAAAAAAAAAAAA
2026-02-16T15:51:10,2232544628,TEXT_MESSAGE_APP,165,-26,5.75,1,SZ=165;SEQ=000255;TS=1771253425010;|AAAAAAAAAAAAAAAAAAAAAAAAAAAAAAAAAAAAAAAAAAAAAAAAAAAAAAAAAAAAAAAAAAAAAAAAAAAAAAAAAAAAAAAAAAAAAAAAAAAAAAAAAAAAAAAAAAAAAAAAAAAAAAAAA
2026-02-16T15:51:13,2232544628,TEXT_MESSAGE_APP,165,-25,6.25,1,SZ=165;SEQ=000257;TS=1771253429015;|AAAAAAAAAAAAAAAAAAAAAAAAAAAAAAAAAAAAAAAAAAAAAAAAAAAAAAAAAAAAAAAAAAAAAAAAAAAAAAAAAAAAAAAAAAAAAAAAAAAAAAAAAAAAAAAAAAAAAAAAAAAAAAAAA
2026-02-16T15:51:20,2232544628,TEXT_MESSAGE_APP,165,-26,6.75,1,SZ=165;SEQ=000258;TS=1771253431018;|AAAAAAAAAAAAAAAAAAAAAAAAAAAAAAAAAAAAAAAAAAAAAAAAAAAAAAAAAAAAAAAAAAAAAAAAAAAAAAAAAAAAAAAAAAAAAAAAAAAAAAAAAAAAAAAAAAAAAAAAAAAAAAAAA
2026-02-16T15:51:22,2232544628,TEXT_MESSAGE_APP,95,-29,7.0,1,SZ=095;SEQ=000113;TS=1771253127131;|AAAAAAAAAAAAAAAAAAAAAAAAAAAAAAAAAAAAAAAAAAAAAAAAAAAAAAAAAAA
2026-02-16T15:51:25,2232544628,TEXT_MESSAGE_APP,165,-25,5.5,1,SZ=165;SEQ=000259;TS=1771253433021;|AAAAAAAAAAAAAAAAAAAAAAAAAAAAAAAAAAAAAAAAAAAAAAAAAAAAAAAAAAAAAAAAAAAAAAAAAAAAAAAAAAAAAAAAAAAAAAAAAAAAAAAAAAAAAAAAAAAAAAAAAAAAAAAAA
2026-02-16T15:51:29,2232544628,TEXT_MESSAGE_APP,165,-24,6.0,1,SZ=165;SEQ=000260;TS=1771253435023;|AAAAAAAAAAAAAAAAAAAAAAAAAAAAAAAAAAAAAAAAAAAAAAAAAAAAAAAAAAAAAAAAAAAAAAAAAAAAAAAAAAAAAAAAAAAAAAAAAAAAAAAAAAAAAAAAAAAAAAAAAAAAAAAAA
2026-02-16T15:51:31,2232544628,TEXT_MESSAGE_APP,170,-26,7.0,1,SZ=170;SEQ=000261;TS=1771253437026;|AAAAAAAAAAAAAAAAAAAAAAAAAAAAAAAAAAAAAAAAAAAAAAAAAAAAAAAAAAAAAAAAAAAAAAAAAAAAAAAAAAAAAAAAAAAAAAAAAAAAAAAAAAAAAAAAAAAAAAAAAAAAAAAAAAAAAA
2026-02-16T15:51:33,2232544628,TEXT_MESSAGE_APP,170,-27,6.25,1,SZ=170;SEQ=000262;TS=1771253439029;|AAAAAAAAAAAAAAAAAAAAAAAAAAAAAAAAAAAAAAAAAAAAAAAAAAAAAAAAAAAAAAAAAAAAAAAAAAAAAAAAAAAAAAAAAAAAAAAAAAAAAAAAAAAAAAAAAAAAAAAAAAAAAAAAAAAAAA
2026-02-16T15:51:36,1912894170,TELEMETRY_APP,28,,,0,
2026-02-16T15:51:41,2232544628,TEXT_MESSAGE_APP,170,-27,6.25,1,SZ=170;SEQ=000263;TS=1771253441031;|AAAAAAAAAAAAAAAAAAAAAAAAAAAAAAAAAAAAAAAAAAAAAAAAAAAAAAAAAAAAAAAAAAAAAAAAAAAAAAAAAAAAAAAAAAAAAAAAAAAAAAAAAAAAAAAAAAAAAAAAAAAAAAAAAAAAAA
2026-02-16T15:51:47,2232544628,TEXT_MESSAGE_APP,170,-27,6.0,1,SZ=170;SEQ=000264;TS=1771253443033;|AAAAAAAAAAAAAAAAAAAAAAAAAAAAAAAAAAAAAAAAAAAAAAAAAAAAAAAAAAAAAAAAAAAAAAAAAAAAAAAAAAAAAAAAAAAAAAAAAAAAAAAAAAAAAAAAAAAAAAAAAAAAAAAAAAAAAA
2026-02-16T15:51:50,2232544628,TEXT_MESSAGE_APP,170,-27,6.25,1,SZ=170;SEQ=000265;TS=1771253445036;|AAAAAAAAAAAAAAAAAAAAAAAAAAAAAAAAAAAAAAAAAAAAAAAAAAAAAAAAAAAAAAAAAAAAAAAAAAAAAAAAAAAAAAAAAAAAAAAAAAAAAAAAAAAAAAAAAAAAAAAAAAAAAAAAAAAAAA
2026-02-16T15:51:52,2232544628,TEXT_MESSAGE_APP,170,-27,6.25,1,SZ=170;SEQ=000266;TS=1771253450041;|AAAAAAAAAAAAAAAAAAAAAAAAAAAAAAAAAAAAAAAAAAAAAAAAAAAAAAAAAAAAAAAAAAAAAAAAAAAAAAAAAAAAAAAAAAAAAAAAAAAAAAAAAAAAAAAAAAAAAAAAAAAAAAAAAAAAAA
2026-02-16T15:52:02,2232544628,TEXT_MESSAGE_APP,170,-26,7.0,1,SZ=170;SEQ=000267;TS=1771253455546;|AAAAAAAAAAAAAAAAAAAAAAAAAAAAAAAAAAAAAAAAAAAAAAAAAAAAAAAAAAAAAAAAAAAAAAAAAAAAAAAAAAAAAAAAAAAAAAAAAAAAAAAAAAAAAAAAAAAAAAAAAAAAAAAAAAAAAA
2026-02-16T15:52:07,2232544628,TEXT_MESSAGE_APP,170,-26,7.0,1,SZ=170;SEQ=000268;TS=1771253458049;|AAAAAAAAAAAAAAAAAAAAAAAAAAAAAAAAAAAAAAAAAAAAAAAAAAAAAAAAAAAAAAAAAAAAAAAAAAAAAAAAAAAAAAAAAAAAAAAAAAAAAAAAAAAAAAAAAAAAAAAAAAAAAAAAAAAAAA
2026-02-16T15:52:09,2232544628,TEXT_MESSAGE_APP,175,-26,6.5,1,SZ=175;SEQ=000271;TS=1771253464057;|AAAAAAAAAAAAAAAAAAAAAAAAAAAAAAAAAAAAAAAAAAAAAAAAAAAAAAAAAAAAAAAAAAAAAAAAAAAAAAAAAAAAAAAAAAAAAAAAAAAAAAAAAAAAAAAAAAAAAAAAAAAAAAAAAAAAAAAAAAA
2026-02-16T15:52:12,2232544628,TEXT_MESSAGE_APP,175,-26,6.25,1,SZ=175;SEQ=000272;TS=1771253466060;|AAAAAAAAAAAAAAAAAAAAAAAAAAAAAAAAAAAAAAAAAAAAAAAAAAAAAAAAAAAAAAAAAAAAAAAAAAAAAAAAAAAAAAAAAAAAAAAAAAAAAAAAAAAAAAAAAAAAAAAAAAAAAAAAAAAAAAAAAAA
2026-02-16T15:52:14,2232544628,TEXT_MESSAGE_APP,175,-27,6.25,1,SZ=175;SEQ=000273;TS=1771253468063;|AAAAAAAAAAAAAAAAAAAAAAAAAAAAAAAAAAAAAAAAAAAAAAAAAAAAAAAAAAAAAAAAAAAAAAAAAAAAAAAAAAAAAAAAAAAAAAAAAAAAAAAAAAAAAAAAAAAAAAAAAAAAAAAAAAAAAAAAAAA
2026-02-16T15:52:16,2232544628,TEXT_MESSAGE_APP,175,-27,6.25,1,SZ=175;SEQ=000274;TS=1771253470066;|AAAAAAAAAAAAAAAAAAAAAAAAAAAAAAAAAAAAAAAAAAAAAAAAAAAAAAAAAAAAAAAAAAAAAAAAAAAAAAAAAAAAAAAAAAAAAAAAAAAAAAAAAAAAAAAAAAAAAAAAAAAAAAAAAAAAAAAAAAA
2026-02-16T15:52:18,2232544628,TEXT_MESSAGE_APP,175,-27,6.5,1,SZ=175;SEQ=000275;TS=1771253472068;|AAAAAAAAAAAAAAAAAAAAAAAAAAAAAAAAAAAAAAAAAAAAAAAAAAAAAAAAAAAAAAAAAAAAAAAAAAAAAAAAAAAAAAAAAAAAAAAAAAAAAAAAAAAAAAAAAAAAAAAAAAAAAAAAAAAAAAAAAAA
2026-02-16T15:52:21,2232544628,TEXT_MESSAGE_APP,175,-26,6.25,1,SZ=175;SEQ=000276;TS=1771253479074;|AAAAAAAAAAAAAAAAAAAAAAAAAAAAAAAAAAAAAAAAAAAAAAAAAAAAAAAAAAAAAAAAAAAAAAAAAAAAAAAAAAAAAAAAAAAAAAAAAAAAAAAAAAAAAAAAAAAAAAAAAAAAAAAAAAAAAAAAAAA
2026-02-16T15:52:23,2232544628,TEXT_MESSAGE_APP,175,-26,6.25,1,SZ=175;SEQ=000277;TS=1771253483578;|AAAAAAAAAAAAAAAAAAAAAAAAAAAAAAAAAAAAAAAAAAAAAAAAAAAAAAAAAAAAAAAAAAAAAAAAAAAAAAAAAAAAAAAAAAAAAAAAAAAAAAAAAAAAAAAAAAAAAAAAAAAAAAAAAAAAAAAAAAA
2026-02-16T15:52:24,2232544628,TEXT_MESSAGE_APP,175,-28,5.75,1,SZ=175;SEQ=000278;TS=1771253487582;|AAAAAAAAAAAAAAAAAAAAAAAAAAAAAAAAAAAAAAAAAAAAAAAAAAAAAAAAAAAAAAAAAAAAAAAAAAAAAAAAAAAAAAAAAAAAAAAAAAAAAAAAAAAAAAAAAAAAAAAAAAAAAAAAAAAAAAAAAAA
2026-02-16T15:52:27,2232544628,TEXT_MESSAGE_APP,175,-26,7.0,1,SZ=175;SEQ=000279;TS=1771253490085;|AAAAAAAAAAAAAAAAAAAAAAAAAAAAAAAAAAAAAAAAAAAAAAAAAAAAAAAAAAAAAAAAAAAAAAAAAAAAAAAAAAAAAAAAAAAAAAAAAAAAAAAAAAAAAAAAAAAAAAAAAAAAAAAAAAAAAAAAAAA
2026-02-16T15:52:29,2232544628,TEXT_MESSAGE_APP,180,-27,6.25,1,SZ=180;SEQ=000281;TS=1771253494090;|AAAAAAAAAAAAAAAAAAAAAAAAAAAAAAAAAAAAAAAAAAAAAAAAAAAAAAAAAAAAAAAAAAAAAAAAAAAAAAAAAAAAAAAAAAAAAAAAAAAAAAAAAAAAAAAAAAAAAAAAAAAAAAAAAAAAAAAAAAAAAAAA
2026-02-16T15:52:33,2232544628,TEXT_MESSAGE_APP,180,-26,6.25,1,SZ=180;SEQ=000282;TS=1771253499595;|AAAAAAAAAAAAAAAAAAAAAAAAAAAAAAAAAAAAAAAAAAAAAAAAAAAAAAAAAAAAAAAAAAAAAAAAAAAAAAAAAAAAAAAAAAAAAAAAAAAAAAAAAAAAAAAAAAAAAAAAAAAAAAAAAAAAAAAAAAAAAAAA
2026-02-16T15:52:36,1912894170,TELEMETRY_APP,28,,,0,
2026-02-16T15:52:46,2232544628,TEXT_MESSAGE_APP,180,-27,6.0,1,SZ=180;SEQ=000284;TS=1771253508603;|AAAAAAAAAAAAAAAAAAAAAAAAAAAAAAAAAAAAAAAAAAAAAAAAAAAAAAAAAAAAAAAAAAAAAAAAAAAAAAAAAAAAAAAAAAAAAAAAAAAAAAAAAAAAAAAAAAAAAAAAAAAAAAAAAAAAAAAAAAAAAAAA
2026-02-16T15:52:48,2232544628,TEXT_MESSAGE_APP,180,-27,6.0,1,SZ=180;SEQ=000286;TS=1771253512607;|AAAAAAAAAAAAAAAAAAAAAAAAAAAAAAAAAAAAAAAAAAAAAAAAAAAAAAAAAAAAAAAAAAAAAAAAAAAAAAAAAAAAAAAAAAAAAAAAAAAAAAAAAAAAAAAAAAAAAAAAAAAAAAAAAAAAAAAAAAAAAAAA
2026-02-16T15:52:55,2232544628,TEXT_MESSAGE_APP,180,-27,6.0,1,SZ=180;SEQ=000287;TS=1771253521114;|AAAAAAAAAAAAAAAAAAAAAAAAAAAAAAAAAAAAAAAAAAAAAAAAAAAAAAAAAAAAAAAAAAAAAAAAAAAAAAAAAAAAAAAAAAAAAAAAAAAAAAAAAAAAAAAAAAAAAAAAAAAAAAAAAAAAAAAAAAAAAAAA
2026-02-16T15:52:57,2232544628,TEXT_MESSAGE_APP,180,-27,6.5,1,SZ=180;SEQ=000288;TS=1771253525619;|AAAAAAAAAAAAAAAAAAAAAAAAAAAAAAAAAAAAAAAAAAAAAAAAAAAAAAAAAAAAAAAAAAAAAAAAAAAAAAAAAAAAAAAAAAAAAAAAAAAAAAAAAAAAAAAAAAAAAAAAAAAAAAAAAAAAAAAAAAAAAAAA
2026-02-16T15:53:02,2232544628,TEXT_MESSAGE_APP,180,-27,6.25,1,SZ=180;SEQ=000290;TS=1771253529623;|AAAAAAAAAAAAAAAAAAAAAAAAAAAAAAAAAAAAAAAAAAAAAAAAAAAAAAAAAAAAAAAAAAAAAAAAAAAAAAAAAAAAAAAAAAAAAAAAAAAAAAAAAAAAAAAAAAAAAAAAAAAAAAAAAAAAAAAAAAAAAAAA
2026-02-16T15:53:07,2232544628,TEXT_MESSAGE_APP,185,-25,6.75,1,SZ=185;SEQ=000291;TS=1771253531625;|AAAAAAAAAAAAAAAAAAAAAAAAAAAAAAAAAAAAAAAAAAAAAAAAAAAAAAAAAAAAAAAAAAAAAAAAAAAAAAAAAAAAAAAAAAAAAAAAAAAAAAAAAAAAAAAAAAAAAAAAAAAAAAAAAAAAAAAAAAAAAAAAAAAAA
2026-02-16T15:53:09,2232544628,TEXT_MESSAGE_APP,185,-26,6.5,1,SZ=185;SEQ=000292;TS=1771253533628;|AAAAAAAAAAAAAAAAAAAAAAAAAAAAAAAAAAAAAAAAAAAAAAAAAAAAAAAAAAAAAAAAAAAAAAAAAAAAAAAAAAAAAAAAAAAAAAAAAAAAAAAAAAAAAAAAAAAAAAAAAAAAAAAAAAAAAAAAAAAAAAAAAAAAA
2026-02-16T15:53:20,2232544628,TEXT_MESSAGE_APP,185,-26,6.75,1,SZ=185;SEQ=000293;TS=1771253535630;|AAAAAAAAAAAAAAAAAAAAAAAAAAAAAAAAAAAAAAAAAAAAAAAAAAAAAAAAAAAAAAAAAAAAAAAAAAAAAAAAAAAAAAAAAAAAAAAAAAAAAAAAAAAAAAAAAAAAAAAAAAAAAAAAAAAAAAAAAAAAAAAAAAAAA
2026-02-16T15:53:29,2232544628,TEXT_MESSAGE_APP,185,-25,6.25,1,SZ=185;SEQ=000294;TS=1771253537633;|AAAAAAAAAAAAAAAAAAAAAAAAAAAAAAAAAAAAAAAAAAAAAAAAAAAAAAAAAAAAAAAAAAAAAAAAAAAAAAAAAAAAAAAAAAAAAAAAAAAAAAAAAAAAAAAAAAAAAAAAAAAAAAAAAAAAAAAAAAAAAAAAAAAAA
2026-02-16T15:53:31,2232544628,TEXT_MESSAGE_APP,185,-25,6.0,1,SZ=185;SEQ=000295;TS=1771253539636;|AAAAAAAAAAAAAAAAAAAAAAAAAAAAAAAAAAAAAAAAAAAAAAAAAAAAAAAAAAAAAAAAAAAAAAAAAAAAAAAAAAAAAAAAAAAAAAAAAAAAAAAAAAAAAAAAAAAAAAAAAAAAAAAAAAAAAAAAAAAAAAAAAAAAA
2026-02-16T15:53:34,2232544628,TEXT_MESSAGE_APP,185,-25,5.75,1,SZ=185;SEQ=000296;TS=1771253541638;|AAAAAAAAAAAAAAAAAAAAAAAAAAAAAAAAAAAAAAAAAAAAAAAAAAAAAAAAAAAAAAAAAAAAAAAAAAAAAAAAAAAAAAAAAAAAAAAAAAAAAAAAAAAAAAAAAAAAAAAAAAAAAAAAAAAAAAAAAAAAAAAAAAAAA
2026-02-16T15:53:36,1912894170,TELEMETRY_APP,28,,,0,
2026-02-16T15:53:37,2232544628,TEXT_MESSAGE_APP,185,-25,6.0,1,SZ=185;SEQ=000297;TS=1771253543640;|AAAAAAAAAAAAAAAAAAAAAAAAAAAAAAAAAAAAAAAAAAAAAAAAAAAAAAAAAAAAAAAAAAAAAAAAAAAAAAAAAAAAAAAAAAAAAAAAAAAAAAAAAAAAAAAAAAAAAAAAAAAAAAAAAAAAAAAAAAAAAAAAAAAAA
2026-02-16T15:53:39,2232544628,TEXT_MESSAGE_APP,185,-25,5.5,1,SZ=185;SEQ=000298;TS=1771253545643;|AAAAAAAAAAAAAAAAAAAAAAAAAAAAAAAAAAAAAAAAAAAAAAAAAAAAAAAAAAAAAAAAAAAAAAAAAAAAAAAAAAAAAAAAAAAAAAAAAAAAAAAAAAAAAAAAAAAAAAAAAAAAAAAAAAAAAAAAAAAAAAAAAAAAA
2026-02-16T15:53:42,2232544628,TEXT_MESSAGE_APP,185,-25,6.25,1,SZ=185;SEQ=000300;TS=1771253549647;|AAAAAAAAAAAAAAAAAAAAAAAAAAAAAAAAAAAAAAAAAAAAAAAAAAAAAAAAAAAAAAAAAAAAAAAAAAAAAAAAAAAAAAAAAAAAAAAAAAAAAAAAAAAAAAAAAAAAAAAAAAAAAAAAAAAAAAAAAAAAAAAAAAAAA
2026-02-16T15:53:44,2232544628,TEXT_MESSAGE_APP,190,-25,6.0,1,SZ=190;SEQ=000301;TS=1771253551650;|AAAAAAAAAAAAAAAAAAAAAAAAAAAAAAAAAAAAAAAAAAAAAAAAAAAAAAAAAAAAAAAAAAAAAAAAAAAAAAAAAAAAAAAAAAAAAAAAAAAAAAAAAAAAAAAAAAAAAAAAAAAAAAAAAAAAAAAAAAAAAAAAAAAAAAAAAA
2026-02-16T15:53:52,2232544628,TEXT_MESSAGE_APP,190,-26,6.75,1,SZ=190;SEQ=000302;TS=1771253559158;|AAAAAAAAAAAAAAAAAAAAAAAAAAAAAAAAAAAAAAAAAAAAAAAAAAAAAAAAAAAAAAAAAAAAAAAAAAAAAAAAAAAAAAAAAAAAAAAAAAAAAAAAAAAAAAAAAAAAAAAAAAAAAAAAAAAAAAAAAAAAAAAAAAAAAAAAAA
2026-02-16T15:53:54,2232544628,TEXT_MESSAGE_APP,190,-27,6.25,1,SZ=190;SEQ=000303;TS=1771253565164;|AAAAAAAAAAAAAAAAAAAAAAAAAAAAAAAAAAAAAAAAAAAAAAAAAAAAAAAAAAAAAAAAAAAAAAAAAAAAAAAAAAAAAAAAAAAAAAAAAAAAAAAAAAAAAAAAAAAAAAAAAAAAAAAAAAAAAAAAAAAAAAAAAAAAAAAAAA
2026-02-16T15:54:02,2232544628,TEXT_MESSAGE_APP,190,-27,6.25,1,SZ=190;SEQ=000305;TS=1771253569168;|AAAAAAAAAAAAAAAAAAAAAAAAAAAAAAAAAAAAAAAAAAAAAAAAAAAAAAAAAAAAAAAAAAAAAAAAAAAAAAAAAAAAAAAAAAAAAAAAAAAAAAAAAAAAAAAAAAAAAAAAAAAAAAAAAAAAAAAAAAAAAAAAAAAAAAAAAA
2026-02-16T15:54:04,2232544628,TEXT_MESSAGE_APP,190,-26,6.75,1,SZ=190;SEQ=000306;TS=1771253573671;|AAAAAAAAAAAAAAAAAAAAAAAAAAAAAAAAAAAAAAAAAAAAAAAAAAAAAAAAAAAAAAAAAAAAAAAAAAAAAAAAAAAAAAAAAAAAAAAAAAAAAAAAAAAAAAAAAAAAAAAAAAAAAAAAAAAAAAAAAAAAAAAAAAAAAAAAAA
2026-02-16T15:54:09,2232544628,TEXT_MESSAGE_APP,190,-25,6.0,1,SZ=190;SEQ=000307;TS=1771253576174;|AAAAAAAAAAAAAAAAAAAAAAAAAAAAAAAAAAAAAAAAAAAAAAAAAAAAAAAAAAAAAAAAAAAAAAAAAAAAAAAAAAAAAAAAAAAAAAAAAAAAAAAAAAAAAAAAAAAAAAAAAAAAAAAAAAAAAAAAAAAAAAAAAAAAAAAAAA
2026-02-16T15:54:11,2232544628,TEXT_MESSAGE_APP,190,-25,6.25,1,SZ=190;SEQ=000308;TS=1771253580177;|AAAAAAAAAAAAAAAAAAAAAAAAAAAAAAAAAAAAAAAAAAAAAAAAAAAAAAAAAAAAAAAAAAAAAAAAAAAAAAAAAAAAAAAAAAAAAAAAAAAAAAAAAAAAAAAAAAAAAAAAAAAAAAAAAAAAAAAAAAAAAAAAAAAAAAAAAA
2026-02-16T15:54:14,2232544628,TEXT_MESSAGE_APP,190,-26,7.25,1,SZ=190;SEQ=000309;TS=1771253585682;|AAAAAAAAAAAAAAAAAAAAAAAAAAAAAAAAAAAAAAAAAAAAAAAAAAAAAAAAAAAAAAAAAAAAAAAAAAAAAAAAAAAAAAAAAAAAAAAAAAAAAAAAAAAAAAAAAAAAAAAAAAAAAAAAAAAAAAAAAAAAAAAAAAAAAAAAAA
2026-02-16T15:54:16,2232544628,TEXT_MESSAGE_APP,195,-25,6.25,1,SZ=195;SEQ=000312;TS=1771253591692;|AAAAAAAAAAAAAAAAAAAAAAAAAAAAAAAAAAAAAAAAAAAAAAAAAAAAAAAAAAAAAAAAAAAAAAAAAAAAAAAAAAAAAAAAAAAAAAAAAAAAAAAAAAAAAAAAAAAAAAAAAAAAAAAAAAAAAAAAAAAAAAAAAAAAAAAAAAAAAAA
2026-02-16T15:54:20,2232544628,TEXT_MESSAGE_APP,195,-25,6.75,1,SZ=195;SEQ=000314;TS=1771253600700;|AAAAAAAAAAAAAAAAAAAAAAAAAAAAAAAAAAAAAAAAAAAAAAAAAAAAAAAAAAAAAAAAAAAAAAAAAAAAAAAAAAAAAAAAAAAAAAAAAAAAAAAAAAAAAAAAAAAAAAAAAAAAAAAAAAAAAAAAAAAAAAAAAAAAAAAAAAAAAAA
2026-02-16T15:54:22,2232544628,TEXT_MESSAGE_APP,195,-25,6.25,1,SZ=195;SEQ=000315;TS=1771253607707;|AAAAAAAAAAAAAAAAAAAAAAAAAAAAAAAAAAAAAAAAAAAAAAAAAAAAAAAAAAAAAAAAAAAAAAAAAAAAAAAAAAAAAAAAAAAAAAAAAAAAAAAAAAAAAAAAAAAAAAAAAAAAAAAAAAAAAAAAAAAAAAAAAAAAAAAAAAAAAAA
2026-02-16T15:54:24,2232544628,TEXT_MESSAGE_APP,195,-25,6.25,1,SZ=195;SEQ=000316;TS=1771253610209;|AAAAAAAAAAAAAAAAAAAAAAAAAAAAAAAAAAAAAAAAAAAAAAAAAAAAAAAAAAAAAAAAAAAAAAAAAAAAAAAAAAAAAAAAAAAAAAAAAAAAAAAAAAAAAAAAAAAAAAAAAAAAAAAAAAAAAAAAAAAAAAAAAAAAAAAAAAAAAAA
2026-02-16T15:54:27,2232544628,TEXT_MESSAGE_APP,195,-25,6.25,1,SZ=195;SEQ=000317;TS=1771253612712;|AAAAAAAAAAAAAAAAAAAAAAAAAAAAAAAAAAAAAAAAAAAAAAAAAAAAAAAAAAAAAAAAAAAAAAAAAAAAAAAAAAAAAAAAAAAAAAAAAAAAAAAAAAAAAAAAAAAAAAAAAAAAAAAAAAAAAAAAAAAAAAAAAAAAAAAAAAAAAAA
2026-02-16T15:54:36,1912894170,TELEMETRY_APP,28,,,0,
2026-02-16T15:54:50,2232544628,TEXT_MESSAGE_APP,195,-25,6.0,1,SZ=195;SEQ=000319;TS=1771253618218;|AAAAAAAAAAAAAAAAAAAAAAAAAAAAAAAAAAAAAAAAAAAAAAAAAAAAAAAAAAAAAAAAAAAAAAAAAAAAAAAAAAAAAAAAAAAAAAAAAAAAAAAAAAAAAAAAAAAAAAAAAAAAAAAAAAAAAAAAAAAAAAAAAAAAAAAAAAAAAAA
2026-02-16T15:54:52,2232544628,TEXT_MESSAGE_APP,195,-25,6.0,1,SZ=195;SEQ=000320;TS=1771253620721;|AAAAAAAAAAAAAAAAAAAAAAAAAAAAAAAAAAAAAAAAAAAAAAAAAAAAAAAAAAAAAAAAAAAAAAAAAAAAAAAAAAAAAAAAAAAAAAAAAAAAAAAAAAAAAAAAAAAAAAAAAAAAAAAAAAAAAAAAAAAAAAAAAAAAAAAAAAAAAAA
2026-02-16T15:54:58,2232544628,TEXT_MESSAGE_APP,200,-25,6.25,1,SZ=200;SEQ=000322;TS=1771253624727;|AAAAAAAAAAAAAAAAAAAAAAAAAAAAAAAAAAAAAAAAAAAAAAAAAAAAAAAAAAAAAAAAAAAAAAAAAAAAAAAAAAAAAAAAAAAAAAAAAAAAAAAAAAAAAAAAAAAAAAAAAAAAAAAAAAAAAAAAAAAAAAAAAAAAAAAAAAAAAAAAAAAA
2026-02-16T15:55:00,2232544628,TEXT_MESSAGE_APP,200,-25,6.5,1,SZ=200;SEQ=000323;TS=1771253630734;|AAAAAAAAAAAAAAAAAAAAAAAAAAAAAAAAAAAAAAAAAAAAAAAAAAAAAAAAAAAAAAAAAAAAAAAAAAAAAAAAAAAAAAAAAAAAAAAAAAAAAAAAAAAAAAAAAAAAAAAAAAAAAAAAAAAAAAAAAAAAAAAAAAAAAAAAAAAAAAAAAAAA
2026-02-16T15:55:02,2232544628,TEXT_MESSAGE_APP,200,-25,6.0,1,SZ=200;SEQ=000325;TS=1771253634738;|AAAAAAAAAAAAAAAAAAAAAAAAAAAAAAAAAAAAAAAAAAAAAAAAAAAAAAAAAAAAAAAAAAAAAAAAAAAAAAAAAAAAAAAAAAAAAAAAAAAAAAAAAAAAAAAAAAAAAAAAAAAAAAAAAAAAAAAAAAAAAAAAAAAAAAAAAAAAAAAAAAAA
2026-02-16T15:55:18,2232544628,TEXT_MESSAGE_APP,200,-25,6.0,1,SZ=200;SEQ=000326;TS=1771253640744;|AAAAAAAAAAAAAAAAAAAAAAAAAAAAAAAAAAAAAAAAAAAAAAAAAAAAAAAAAAAAAAAAAAAAAAAAAAAAAAAAAAAAAAAAAAAAAAAAAAAAAAAAAAAAAAAAAAAAAAAAAAAAAAAAAAAAAAAAAAAAAAAAAAAAAAAAAAAAAAAAAAAA
2026-02-16T15:55:21,2232544628,TEXT_MESSAGE_APP,200,-25,6.25,1,SZ=200;SEQ=000327;TS=1771253643247;|AAAAAAAAAAAAAAAAAAAAAAAAAAAAAAAAAAAAAAAAAAAAAAAAAAAAAAAAAAAAAAAAAAAAAAAAAAAAAAAAAAAAAAAAAAAAAAAAAAAAAAAAAAAAAAAAAAAAAAAAAAAAAAAAAAAAAAAAAAAAAAAAAAAAAAAAAAAAAAAAAAAA
2026-02-16T15:55:23,2232544628,TEXT_MESSAGE_APP,200,-25,6.25,1,SZ=200;SEQ=000328;TS=1771253647751;|AAAAAAAAAAAAAAAAAAAAAAAAAAAAAAAAAAAAAAAAAAAAAAAAAAAAAAAAAAAAAAAAAAAAAAAAAAAAAAAAAAAAAAAAAAAAAAAAAAAAAAAAAAAAAAAAAAAAAAAAAAAAAAAAAAAAAAAAAAAAAAAAAAAAAAAAAAAAAAAAAAAA
2026-02-16T15:55:26,2232544628,TEXT_MESSAGE_APP,200,-27,6.25,1,SZ=200;SEQ=000330;TS=1771253651756;|AAAAAAAAAAAAAAAAAAAAAAAAAAAAAAAAAAAAAAAAAAAAAAAAAAAAAAAAAAAAAAAAAAAAAAAAAAAAAAAAAAAAAAAAAAAAAAAAAAAAAAAAAAAAAAAAAAAAAAAAAAAAAAAAAAAAAAAAAAAAAAAAAAAAAAAAAAAAAAAAAAAA
2026-02-16T15:55:31,2232544628,TEXT_MESSAGE_APP,205,-26,7.25,1,SZ=205;SEQ=000331;TS=1771253653758;|AAAAAAAAAAAAAAAAAAAAAAAAAAAAAAAAAAAAAAAAAAAAAAAAAAAAAAAAAAAAAAAAAAAAAAAAAAAAAAAAAAAAAAAAAAAAAAAAAAAAAAAAAAAAAAAAAAAAAAAAAAAAAAAAAAAAAAAAAAAAAAAAAAAAAAAAAAAAAAAAAAAAAAAAA
2026-02-16T15:55:33,2232544628,TEXT_MESSAGE_APP,205,-26,6.0,1,SZ=205;SEQ=000332;TS=1771253655762;|AAAAAAAAAAAAAAAAAAAAAAAAAAAAAAAAAAAAAAAAAAAAAAAAAAAAAAAAAAAAAAAAAAAAAAAAAAAAAAAAAAAAAAAAAAAAAAAAAAAAAAAAAAAAAAAAAAAAAAAAAAAAAAAAAAAAAAAAAAAAAAAAAAAAAAAAAAAAAAAAAAAAAAAAA
2026-02-16T15:55:35,2232544628,TEXT_MESSAGE_APP,205,-25,6.25,1,SZ=205;SEQ=000333;TS=1771253658265;|AAAAAAAAAAAAAAAAAAAAAAAAAAAAAAAAAAAAAAAAAAAAAAAAAAAAAAAAAAAAAAAAAAAAAAAAAAAAAAAAAAAAAAAAAAAAAAAAAAAAAAAAAAAAAAAAAAAAAAAAAAAAAAAAAAAAAAAAAAAAAAAAAAAAAAAAAAAAAAAAAAAAAAAAA
2026-02-16T15:55:36,1912894170,TELEMETRY_APP,28,,,0,
2026-02-16T15:55:43,2232544628,TEXT_MESSAGE_APP,205,-24,6.0,1,SZ=205;SEQ=000334;TS=1771253660768;|AAAAAAAAAAAAAAAAAAAAAAAAAAAAAAAAAAAAAAAAAAAAAAAAAAAAAAAAAAAAAAAAAAAAAAAAAAAAAAAAAAAAAAAAAAAAAAAAAAAAAAAAAAAAAAAAAAAAAAAAAAAAAAAAAAAAAAAAAAAAAAAAAAAAAAAAAAAAAAAAAAAAAAAAA
2026-02-16T15:55:51,2232544628,TEXT_MESSAGE_APP,205,-25,5.75,1,SZ=205;SEQ=000337;TS=1771253666776;|AAAAAAAAAAAAAAAAAAAAAAAAAAAAAAAAAAAAAAAAAAAAAAAAAAAAAAAAAAAAAAAAAAAAAAAAAAAAAAAAAAAAAAAAAAAAAAAAAAAAAAAAAAAAAAAAAAAAAAAAAAAAAAAAAAAAAAAAAAAAAAAAAAAAAAAAAAAAAAAAAAAAAAAAA
2026-02-16T15:55:54,2232544628,TEXT_MESSAGE_APP,205,-25,5.75,1,SZ=205;SEQ=000338;TS=1771253670780;|AAAAAAAAAAAAAAAAAAAAAAAAAAAAAAAAAAAAAAAAAAAAAAAAAAAAAAAAAAAAAAAAAAAAAAAAAAAAAAAAAAAAAAAAAAAAAAAAAAAAAAAAAAAAAAAAAAAAAAAAAAAAAAAAAAAAAAAAAAAAAAAAAAAAAAAAAAAAAAAAAAAAAAAAA
2026-02-16T15:55:57,2232544628,TEXT_MESSAGE_APP,205,-25,6.0,1,SZ=205;SEQ=000339;TS=1771253688795;|AAAAAAAAAAAAAAAAAAAAAAAAAAAAAAAAAAAAAAAAAAAAAAAAAAAAAAAAAAAAAAAAAAAAAAAAAAAAAAAAAAAAAAAAAAAAAAAAAAAAAAAAAAAAAAAAAAAAAAAAAAAAAAAAAAAAAAAAAAAAAAAAAAAAAAAAAAAAAAAAAAAAAAAAA
2026-02-16T15:55:59,2232544628,TEXT_MESSAGE_APP,210,-24,6.5,1,SZ=210;SEQ=000341;TS=1771253692800;|AAAAAAAAAAAAAAAAAAAAAAAAAAAAAAAAAAAAAAAAAAAAAAAAAAAAAAAAAAAAAAAAAAAAAAAAAAAAAAAAAAAAAAAAAAAAAAAAAAAAAAAAAAAAAAAAAAAAAAAAAAAAAAAAAAAAAAAAAAAAAAAAAAAAAAAAAAAAAAAAAAAAAAAAAAAAAA
2026-02-16T15:56:02,2232544628,TEXT_MESSAGE_APP,210,-26,6.5,1,SZ=210;SEQ=000342;TS=1771253696805;|AAAAAAAAAAAAAAAAAAAAAAAAAAAAAAAAAAAAAAAAAAAAAAAAAAAAAAAAAAAAAAAAAAAAAAAAAAAAAAAAAAAAAAAAAAAAAAAAAAAAAAAAAAAAAAAAAAAAAAAAAAAAAAAAAAAAAAAAAAAAAAAAAAAAAAAAAAAAAAAAAAAAAAAAAAAAAA
2026-02-16T15:56:05,2232544628,TEXT_MESSAGE_APP,210,-26,6.25,1,SZ=210;SEQ=000343;TS=1771253699309;|AAAAAAAAAAAAAAAAAAAAAAAAAAAAAAAAAAAAAAAAAAAAAAAAAAAAAAAAAAAAAAAAAAAAAAAAAAAAAAAAAAAAAAAAAAAAAAAAAAAAAAAAAAAAAAAAAAAAAAAAAAAAAAAAAAAAAAAAAAAAAAAAAAAAAAAAAAAAAAAAAAAAAAAAAAAAAA
2026-02-16T15:56:10,2232544628,TEXT_MESSAGE_APP,210,-27,6.75,1,SZ=210;SEQ=000346;TS=1771253705316;|AAAAAAAAAAAAAAAAAAAAAAAAAAAAAAAAAAAAAAAAAAAAAAAAAAAAAAAAAAAAAAAAAAAAAAAAAAAAAAAAAAAAAAAAAAAAAAAAAAAAAAAAAAAAAAAAAAAAAAAAAAAAAAAAAAAAAAAAAAAAAAAAAAAAAAAAAAAAAAAAAAAAAAAAAAAAAA
2026-02-16T15:56:14,2232544628,TEXT_MESSAGE_APP,210,-26,7.5,1,SZ=210;SEQ=000347;TS=1771253716826;|AAAAAAAAAAAAAAAAAAAAAAAAAAAAAAAAAAAAAAAAAAAAAAAAAAAAAAAAAAAAAAAAAAAAAAAAAAAAAAAAAAAAAAAAAAAAAAAAAAAAAAAAAAAAAAAAAAAAAAAAAAAAAAAAAAAAAAAAAAAAAAAAAAAAAAAAAAAAAAAAAAAAAAAAAAAAAA
2026-02-16T15:56:18,2232544628,TEXT_MESSAGE_APP,210,-27,6.25,1,SZ=210;SEQ=000348;TS=1771253719329;|AAAAAAAAAAAAAAAAAAAAAAAAAAAAAAAAAAAAAAAAAAAAAAAAAAAAAAAAAAAAAAAAAAAAAAAAAAAAAAAAAAAAAAAAAAAAAAAAAAAAAAAAAAAAAAAAAAAAAAAAAAAAAAAAAAAAAAAAAAAAAAAAAAAAAAAAAAAAAAAAAAAAAAAAAAAAAA
2026-02-16T15:56:20,2232544628,TEXT_MESSAGE_APP,210,-25,6.0,1,SZ=210;SEQ=000349;TS=1771253721833;|AAAAAAAAAAAAAAAAAAAAAAAAAAAAAAAAAAAAAAAAAAAAAAAAAAAAAAAAAAAAAAAAAAAAAAAAAAAAAAAAAAAAAAAAAAAAAAAAAAAAAAAAAAAAAAAAAAAAAAAAAAAAAAAAAAAAAAAAAAAAAAAAAAAAAAAAAAAAAAAAAAAAAAAAAAAAAA
2026-02-16T15:56:25,2232544628,TEXT_MESSAGE_APP,210,-26,7.5,1,SZ=210;SEQ=000350;TS=1771253724837;|AAAAAAAAAAAAAAAAAAAAAAAAAAAAAAAAAAAAAAAAAAAAAAAAAAAAAAAAAAAAAAAAAAAAAAAAAAAAAAAAAAAAAAAAAAAAAAAAAAAAAAAAAAAAAAAAAAAAAAAAAAAAAAAAAAAAAAAAAAAAAAAAAAAAAAAAAAAAAAAAAAAAAAAAAAAAAA
2026-02-16T15:56:28,2232544628,TEXT_MESSAGE_APP,215,-26,6.5,1,SZ=215;SEQ=000351;TS=1771253729342;|AAAAAAAAAAAAAAAAAAAAAAAAAAAAAAAAAAAAAAAAAAAAAAAAAAAAAAAAAAAAAAAAAAAAAAAAAAAAAAAAAAAAAAAAAAAAAAAAAAAAAAAAAAAAAAAAAAAAAAAAAAAAAAAAAAAAAAAAAAAAAAAAAAAAAAAAAAAAAAAAAAAAAAAAAAAAAAAAAAA
2026-02-16T15:56:31,2232544628,TEXT_MESSAGE_APP,215,-25,6.75,1,SZ=215;SEQ=000352;TS=1771253731844;|AAAAAAAAAAAAAAAAAAAAAAAAAAAAAAAAAAAAAAAAAAAAAAAAAAAAAAAAAAAAAAAAAAAAAAAAAAAAAAAAAAAAAAAAAAAAAAAAAAAAAAAAAAAAAAAAAAAAAAAAAAAAAAAAAAAAAAAAAAAAAAAAAAAAAAAAAAAAAAAAAAAAAAAAAAAAAAAAAAA
2026-02-16T15:56:33,2232544628,TEXT_MESSAGE_APP,215,-26,7.0,1,SZ=215;SEQ=000353;TS=1771253734347;|AAAAAAAAAAAAAAAAAAAAAAAAAAAAAAAAAAAAAAAAAAAAAAAAAAAAAAAAAAAAAAAAAAAAAAAAAAAAAAAAAAAAAAAAAAAAAAAAAAAAAAAAAAAAAAAAAAAAAAAAAAAAAAAAAAAAAAAAAAAAAAAAAAAAAAAAAAAAAAAAAAAAAAAAAAAAAAAAAAA
2026-02-16T15:56:36,1912894170,TELEMETRY_APP,28,,,0,
2026-02-16T15:56:37,2232544628,TEXT_MESSAGE_APP,215,-26,6.5,1,SZ=215;SEQ=000354;TS=1771253741854;|AAAAAAAAAAAAAAAAAAAAAAAAAAAAAAAAAAAAAAAAAAAAAAAAAAAAAAAAAAAAAAAAAAAAAAAAAAAAAAAAAAAAAAAAAAAAAAAAAAAAAAAAAAAAAAAAAAAAAAAAAAAAAAAAAAAAAAAAAAAAAAAAAAAAAAAAAAAAAAAAAAAAAAAAAAAAAAAAAAA
2026-02-16T15:56:39,2232544628,TEXT_MESSAGE_APP,215,-27,6.0,1,SZ=215;SEQ=000355;TS=1771253746857;|AAAAAAAAAAAAAAAAAAAAAAAAAAAAAAAAAAAAAAAAAAAAAAAAAAAAAAAAAAAAAAAAAAAAAAAAAAAAAAAAAAAAAAAAAAAAAAAAAAAAAAAAAAAAAAAAAAAAAAAAAAAAAAAAAAAAAAAAAAAAAAAAAAAAAAAAAAAAAAAAAAAAAAAAAAAAAAAAAAA
2026-02-16T15:56:47,2232544628,TEXT_MESSAGE_APP,215,-27,6.0,1,SZ=215;SEQ=000356;TS=1771253749860;|AAAAAAAAAAAAAAAAAAAAAAAAAAAAAAAAAAAAAAAAAAAAAAAAAAAAAAAAAAAAAAAAAAAAAAAAAAAAAAAAAAAAAAAAAAAAAAAAAAAAAAAAAAAAAAAAAAAAAAAAAAAAAAAAAAAAAAAAAAAAAAAAAAAAAAAAAAAAAAAAAAAAAAAAAAAAAAAAAAA
2026-02-16T15:56:49,2232544628,TEXT_MESSAGE_APP,215,-27,6.25,1,SZ=215;SEQ=000357;TS=1771253752363;|AAAAAAAAAAAAAAAAAAAAAAAAAAAAAAAAAAAAAAAAAAAAAAAAAAAAAAAAAAAAAAAAAAAAAAAAAAAAAAAAAAAAAAAAAAAAAAAAAAAAAAAAAAAAAAAAAAAAAAAAAAAAAAAAAAAAAAAAAAAAAAAAAAAAAAAAAAAAAAAAAAAAAAAAAAAAAAAAAAA
2026-02-16T15:56:58,2232544628,TEXT_MESSAGE_APP,215,-25,5.75,1,SZ=215;SEQ=000358;TS=1771253755368;|AAAAAAAAAAAAAAAAAAAAAAAAAAAAAAAAAAAAAAAAAAAAAAAAAAAAAAAAAAAAAAAAAAAAAAAAAAAAAAAAAAAAAAAAAAAAAAAAAAAAAAAAAAAAAAAAAAAAAAAAAAAAAAAAAAAAAAAAAAAAAAAAAAAAAAAAAAAAAAAAAAAAAAAAAAAAAAAAAAA
2026-02-16T15:57:01,2232544628,TEXT_MESSAGE_APP,215,-29,7.5,1,SZ=215;SEQ=000360;TS=1771253759373;|AAAAAAAAAAAAAAAAAAAAAAAAAAAAAAAAAAAAAAAAAAAAAAAAAAAAAAAAAAAAAAAAAAAAAAAAAAAAAAAAAAAAAAAAAAAAAAAAAAAAAAAAAAAAAAAAAAAAAAAAAAAAAAAAAAAAAAAAAAAAAAAAAAAAAAAAAAAAAAAAAAAAAAAAAAAAAAAAAAA
2026-02-16T15:57:07,2232544628,TEXT_MESSAGE_APP,220,-25,6.0,1,SZ=220;SEQ=000361;TS=1771253761376;|AAAAAAAAAAAAAAAAAAAAAAAAAAAAAAAAAAAAAAAAAAAAAAAAAAAAAAAAAAAAAAAAAAAAAAAAAAAAAAAAAAAAAAAAAAAAAAAAAAAAAAAAAAAAAAAAAAAAAAAAAAAAAAAAAAAAAAAAAAAAAAAAAAAAAAAAAAAAAAAAAAAAAAAAAAAAAAAAAAAAAAAA
2026-02-16T15:57:10,2232544628,TEXT_MESSAGE_APP,220,-25,6.0,1,SZ=220;SEQ=000362;TS=1771253763379;|AAAAAAAAAAAAAAAAAAAAAAAAAAAAAAAAAAAAAAAAAAAAAAAAAAAAAAAAAAAAAAAAAAAAAAAAAAAAAAAAAAAAAAAAAAAAAAAAAAAAAAAAAAAAAAAAAAAAAAAAAAAAAAAAAAAAAAAAAAAAAAAAAAAAAAAAAAAAAAAAAAAAAAAAAAAAAAAAAAAAAAAA
2026-02-16T15:57:23,2232544628,TEXT_MESSAGE_APP,220,-24,6.25,1,SZ=220;SEQ=000363;TS=1771253768884;|AAAAAAAAAAAAAAAAAAAAAAAAAAAAAAAAAAAAAAAAAAAAAAAAAAAAAAAAAAAAAAAAAAAAAAAAAAAAAAAAAAAAAAAAAAAAAAAAAAAAAAAAAAAAAAAAAAAAAAAAAAAAAAAAAAAAAAAAAAAAAAAAAAAAAAAAAAAAAAAAAAAAAAAAAAAAAAAAAAAAAAAA
2026-02-16T15:57:26,2232544628,TEXT_MESSAGE_APP,220,-24,6.25,1,SZ=220;SEQ=000364;TS=1771253772388;|AAAAAAAAAAAAAAAAAAAAAAAAAAAAAAAAAAAAAAAAAAAAAAAAAAAAAAAAAAAAAAAAAAAAAAAAAAAAAAAAAAAAAAAAAAAAAAAAAAAAAAAAAAAAAAAAAAAAAAAAAAAAAAAAAAAAAAAAAAAAAAAAAAAAAAAAAAAAAAAAAAAAAAAAAAAAAAAAAAAAAAAA
2026-02-16T15:57:29,2232544628,TEXT_MESSAGE_APP,220,-24,6.5,1,SZ=220;SEQ=000365;TS=1771253775892;|AAAAAAAAAAAAAAAAAAAAAAAAAAAAAAAAAAAAAAAAAAAAAAAAAAAAAAAAAAAAAAAAAAAAAAAAAAAAAAAAAAAAAAAAAAAAAAAAAAAAAAAAAAAAAAAAAAAAAAAAAAAAAAAAAAAAAAAAAAAAAAAAAAAAAAAAAAAAAAAAAAAAAAAAAAAAAAAAAAAAAAAA
2026-02-16T15:57:31,2232544628,TEXT_MESSAGE_APP,220,-23,6.5,1,SZ=220;SEQ=000366;TS=1771253778396;|AAAAAAAAAAAAAAAAAAAAAAAAAAAAAAAAAAAAAAAAAAAAAAAAAAAAAAAAAAAAAAAAAAAAAAAAAAAAAAAAAAAAAAAAAAAAAAAAAAAAAAAAAAAAAAAAAAAAAAAAAAAAAAAAAAAAAAAAAAAAAAAAAAAAAAAAAAAAAAAAAAAAAAAAAAAAAAAAAAAAAAAA
2026-02-16T15:57:34,2232544628,TEXT_MESSAGE_APP,220,-24,6.25,1,SZ=220;SEQ=000367;TS=1771253783403;|AAAAAAAAAAAAAAAAAAAAAAAAAAAAAAAAAAAAAAAAAAAAAAAAAAAAAAAAAAAAAAAAAAAAAAAAAAAAAAAAAAAAAAAAAAAAAAAAAAAAAAAAAAAAAAAAAAAAAAAAAAAAAAAAAAAAAAAAAAAAAAAAAAAAAAAAAAAAAAAAAAAAAAAAAAAAAAAAAAAAAAAA
2026-02-16T15:57:36,1912894170,TELEMETRY_APP,28,,,0,
2026-02-16T15:57:36,1912894170,TELEMETRY_APP,49,,,0,
2026-02-16T15:57:37,2232544628,TEXT_MESSAGE_APP,220,-24,6.75,1,SZ=220;SEQ=000368;TS=1771253786406;|AAAAAAAAAAAAAAAAAAAAAAAAAAAAAAAAAAAAAAAAAAAAAAAAAAAAAAAAAAAAAAAAAAAAAAAAAAAAAAAAAAAAAAAAAAAAAAAAAAAAAAAAAAAAAAAAAAAAAAAAAAAAAAAAAAAAAAAAAAAAAAAAAAAAAAAAAAAAAAAAAAAAAAAAAAAAAAAAAAAAAAAA
2026-02-16T15:57:39,2232544628,TEXT_MESSAGE_APP,220,-24,6.25,1,SZ=220;SEQ=000369;TS=1771253789409;|AAAAAAAAAAAAAAAAAAAAAAAAAAAAAAAAAAAAAAAAAAAAAAAAAAAAAAAAAAAAAAAAAAAAAAAAAAAAAAAAAAAAAAAAAAAAAAAAAAAAAAAAAAAAAAAAAAAAAAAAAAAAAAAAAAAAAAAAAAAAAAAAAAAAAAAAAAAAAAAAAAAAAAAAAAAAAAAAAAAAAAAA
2026-02-16T15:57:41,2232544628,TEXT_MESSAGE_APP,220,-24,6.25,1,SZ=220;SEQ=000370;TS=1771253791911;|AAAAAAAAAAAAAAAAAAAAAAAAAAAAAAAAAAAAAAAAAAAAAAAAAAAAAAAAAAAAAAAAAAAAAAAAAAAAAAAAAAAAAAAAAAAAAAAAAAAAAAAAAAAAAAAAAAAAAAAAAAAAAAAAAAAAAAAAAAAAAAAAAAAAAAAAAAAAAAAAAAAAAAAAAAAAAAAAAAAAAAAA
2026-02-16T15:57:44,2232544628,TEXT_MESSAGE_APP,225,-24,6.0,1,SZ=225;SEQ=000371;TS=1771253795914;|AAAAAAAAAAAAAAAAAAAAAAAAAAAAAAAAAAAAAAAAAAAAAAAAAAAAAAAAAAAAAAAAAAAAAAAAAAAAAAAAAAAAAAAAAAAAAAAAAAAAAAAAAAAAAAAAAAAAAAAAAAAAAAAAAAAAAAAAAAAAAAAAAAAAAAAAAAAAAAAAAAAAAAAAAAAAAAAAAAAAAAAAAAAAA
2026-02-16T15:57:47,2232544628,TEXT_MESSAGE_APP,225,-24,6.25,1,SZ=225;SEQ=000373;TS=1771253799920;|AAAAAAAAAAAAAAAAAAAAAAAAAAAAAAAAAAAAAAAAAAAAAAAAAAAAAAAAAAAAAAAAAAAAAAAAAAAAAAAAAAAAAAAAAAAAAAAAAAAAAAAAAAAAAAAAAAAAAAAAAAAAAAAAAAAAAAAAAAAAAAAAAAAAAAAAAAAAAAAAAAAAAAAAAAAAAAAAAAAAAAAAAAAAA
2026-02-16T15:57:49,2232544628,TEXT_MESSAGE_APP,225,-24,6.5,1,SZ=225;SEQ=000374;TS=1771253805426;|AAAAAAAAAAAAAAAAAAAAAAAAAAAAAAAAAAAAAAAAAAAAAAAAAAAAAAAAAAAAAAAAAAAAAAAAAAAAAAAAAAAAAAAAAAAAAAAAAAAAAAAAAAAAAAAAAAAAAAAAAAAAAAAAAAAAAAAAAAAAAAAAAAAAAAAAAAAAAAAAAAAAAAAAAAAAAAAAAAAAAAAAAAAAA
2026-02-16T15:57:51,2232544628,TEXT_MESSAGE_APP,225,-23,6.5,1,SZ=225;SEQ=000377;TS=1771253811433;|AAAAAAAAAAAAAAAAAAAAAAAAAAAAAAAAAAAAAAAAAAAAAAAAAAAAAAAAAAAAAAAAAAAAAAAAAAAAAAAAAAAAAAAAAAAAAAAAAAAAAAAAAAAAAAAAAAAAAAAAAAAAAAAAAAAAAAAAAAAAAAAAAAAAAAAAAAAAAAAAAAAAAAAAAAAAAAAAAAAAAAAAAAAAA
2026-02-16T15:58:00,2232544628,TEXT_MESSAGE_APP,225,-24,6.0,1,SZ=225;SEQ=000378;TS=1771253816938;|AAAAAAAAAAAAAAAAAAAAAAAAAAAAAAAAAAAAAAAAAAAAAAAAAAAAAAAAAAAAAAAAAAAAAAAAAAAAAAAAAAAAAAAAAAAAAAAAAAAAAAAAAAAAAAAAAAAAAAAAAAAAAAAAAAAAAAAAAAAAAAAAAAAAAAAAAAAAAAAAAAAAAAAAAAAAAAAAAAAAAAAAAAAAA
2026-02-16T15:58:03,2232544628,TEXT_MESSAGE_APP,225,-24,6.25,1,SZ=225;SEQ=000379;TS=1771253819442;|AAAAAAAAAAAAAAAAAAAAAAAAAAAAAAAAAAAAAAAAAAAAAAAAAAAAAAAAAAAAAAAAAAAAAAAAAAAAAAAAAAAAAAAAAAAAAAAAAAAAAAAAAAAAAAAAAAAAAAAAAAAAAAAAAAAAAAAAAAAAAAAAAAAAAAAAAAAAAAAAAAAAAAAAAAAAAAAAAAAAAAAAAAAAA
2026-02-16T15:58:06,2232544628,TEXT_MESSAGE_APP,225,-25,6.25,1,SZ=225;SEQ=000380;TS=1771253825949;|AAAAAAAAAAAAAAAAAAAAAAAAAAAAAAAAAAAAAAAAAAAAAAAAAAAAAAAAAAAAAAAAAAAAAAAAAAAAAAAAAAAAAAAAAAAAAAAAAAAAAAAAAAAAAAAAAAAAAAAAAAAAAAAAAAAAAAAAAAAAAAAAAAAAAAAAAAAAAAAAAAAAAAAAAAAAAAAAAAAAAAAAAAAAA
2026-02-16T15:58:17,2232544628,TEXT_MESSAGE_APP,230,-23,6.25,1,SZ=230;SEQ=000383;TS=1771253831956;|AAAAAAAAAAAAAAAAAAAAAAAAAAAAAAAAAAAAAAAAAAAAAAAAAAAAAAAAAAAAAAAAAAAAAAAAAAAAAAAAAAAAAAAAAAAAAAAAAAAAAAAAAAAAAAAAAAAAAAAAAAAAAAAAAAAAAAAAAAAAAAAAAAAAAAAAAAAAAAAAAAAAAAAAAAAAAAAAAAAAAAAAAAAAAAAAAA
2026-02-16T15:58:25,2232544628,TEXT_MESSAGE_APP,230,-23,6.25,1,SZ=230;SEQ=000385;TS=1771253843469;|AAAAAAAAAAAAAAAAAAAAAAAAAAAAAAAAAAAAAAAAAAAAAAAAAAAAAAAAAAAAAAAAAAAAAAAAAAAAAAAAAAAAAAAAAAAAAAAAAAAAAAAAAAAAAAAAAAAAAAAAAAAAAAAAAAAAAAAAAAAAAAAAAAAAAAAAAAAAAAAAAAAAAAAAAAAAAAAAAAAAAAAAAAAAAAAAAA
2026-02-16T15:58:33,2232544628,TEXT_MESSAGE_APP,230,-24,6.5,1,SZ=230;SEQ=000386;TS=1771253845472;|AAAAAAAAAAAAAAAAAAAAAAAAAAAAAAAAAAAAAAAAAAAAAAAAAAAAAAAAAAAAAAAAAAAAAAAAAAAAAAAAAAAAAAAAAAAAAAAAAAAAAAAAAAAAAAAAAAAAAAAAAAAAAAAAAAAAAAAAAAAAAAAAAAAAAAAAAAAAAAAAAAAAAAAAAAAAAAAAAAAAAAAAAAAAAAAAAA
2026-02-16T15:58:36,1912894170,TELEMETRY_APP,28,,,0,
2026-02-16T15:58:51,2232544628,TEXT_MESSAGE_APP,230,-24,6.25,1,SZ=230;SEQ=000387;TS=1771253847474;|AAAAAAAAAAAAAAAAAAAAAAAAAAAAAAAAAAAAAAAAAAAAAAAAAAAAAAAAAAAAAAAAAAAAAAAAAAAAAAAAAAAAAAAAAAAAAAAAAAAAAAAAAAAAAAAAAAAAAAAAAAAAAAAAAAAAAAAAAAAAAAAAAAAAAAAAAAAAAAAAAAAAAAAAAAAAAAAAAAAAAAAAAAAAAAAAAA
2026-02-16T15:58:54,2232544628,TEXT_MESSAGE_APP,230,-23,6.25,1,SZ=230;SEQ=000388;TS=1771253849477;|AAAAAAAAAAAAAAAAAAAAAAAAAAAAAAAAAAAAAAAAAAAAAAAAAAAAAAAAAAAAAAAAAAAAAAAAAAAAAAAAAAAAAAAAAAAAAAAAAAAAAAAAAAAAAAAAAAAAAAAAAAAAAAAAAAAAAAAAAAAAAAAAAAAAAAAAAAAAAAAAAAAAAAAAAAAAAAAAAAAAAAAAAAAAAAAAAA
2026-02-16T15:58:57,2232544628,TEXT_MESSAGE_APP,230,-23,6.5,1,SZ=230;SEQ=000389;TS=1771253852480;|AAAAAAAAAAAAAAAAAAAAAAAAAAAAAAAAAAAAAAAAAAAAAAAAAAAAAAAAAAAAAAAAAAAAAAAAAAAAAAAAAAAAAAAAAAAAAAAAAAAAAAAAAAAAAAAAAAAAAAAAAAAAAAAAAAAAAAAAAAAAAAAAAAAAAAAAAAAAAAAAAAAAAAAAAAAAAAAAAAAAAAAAAAAAAAAAAA
2026-02-16T15:59:04,2232544628,TEXT_MESSAGE_APP,230,-24,6.25,1,SZ=230;SEQ=000390;TS=1771253854983;|AAAAAAAAAAAAAAAAAAAAAAAAAAAAAAAAAAAAAAAAAAAAAAAAAAAAAAAAAAAAAAAAAAAAAAAAAAAAAAAAAAAAAAAAAAAAAAAAAAAAAAAAAAAAAAAAAAAAAAAAAAAAAAAAAAAAAAAAAAAAAAAAAAAAAAAAAAAAAAAAAAAAAAAAAAAAAAAAAAAAAAAAAAAAAAAAAA
2026-02-16T15:59:36,1912894170,TELEMETRY_APP,28,,,0,
